Technique,Dev_Count,Mon_Count,Dev_Pct,Mon_Pct,x_dev,x_mon,PSI,Dev_BR,Mon_BR,Delta_BR,br_pvalue,Dev_AUC,Mon_AUC,Delta_AUC,Dev_Gini,Mon_Gini,Delta_Gini,Dev_KS,Mon_KS,Delta_KS,score_shift_pvalue,Dev_EAD,Mon_EAD,Dev_Exposure_Pct,Mon_Exposure_Pct,Exposure_Drift,mean_feature_psi,mean_shap_shift,Calibration_Drift,Root_Cause_Feature,Root_Cause_PSI,Root_Cause_Score,feature_drift_details,Top_SHAP_Feature,Top_SHAP_PSI,Leaf_ID,Segment_Definition,BadRate_pvalue_adj,ScoreShift_pvalue_adj,Statistically_Significant,Business_Impact_Score,SIS_Raw,DIS_Raw,DIS_Symmetric,Confidence_Score,PSI_Interpretation,Severity_Score,Portfolio_Impact_Score,Drift_Explanation,Rank,Cluster_ID,Rule_Precision,Rule_Recall,Feature,Bin_Type,Dev_Calibration_Intercept,Mon_Calibration_Intercept,Dev_Calibration_Slope,Mon_Calibration_Slope,Delta_Calibration_Slope,Dev_ECE,Mon_ECE,Delta_ECE,Mon_Default_Count,gini_ci_low,gini_ci_high,gini_p,ks_ci_low,ks_ci_high,ks_p,auc_ci_low,auc_ci_high,auc_p,br_ci_low,br_ci_high,br_p,ece_ci_low,ece_ci_high,ece_p,abs_delta_br,abs_delta_ece,gini_score,ks_score,auc_score,br_score,ece_score,Deterioration_Score,gini_p_adj,ks_p_adj,auc_p_adj,br_p_adj,ece_p_adj,min_p_adj,Tree_Idx
Drift Localization Tree,367,392,0.0734,0.0784,117.0,150.0,0.0003294999586794597,0.3188010899182561,0.3826530612244898,0.06385197130623366,0.0656344228844219,0.6571623931623932,0.703374655647383,0.046212262484989775,0.31432478632478644,0.406749311294766,0.09242452496997955,0.24902564102564106,0.301267217630854,0.05224157660521295,4.522849626880405e-06,53563660.28,55992411.129999995,0.06861012189592568,0.06762311352267085,-0.0009870083732548274,0.13123675094391266,0.009699451797067599,0.02617838900223024,bureau_score,0.25770566114381677,0.239916,"[{""feature"": ""bureau_score"", ""psi"": 0.25770566114381677}, {""feature"": ""region"", ""psi"": 0.2247761259603248}, {""feature"": ""dti"", ""psi"": 0.08895287851453185}, {""feature"": ""employment_type"", ""psi"": 0.07614863148095373}, {""feature"": ""utilization"", ""psi"": 0.07161425121170438}, {""feature"": ""age"", ""psi"": 0.0682229573521445}]",shap_region,0.24807827181086828,11.0,bureau_score < 645.5 AND dti >= 40.32 AND dti < 55.39 AND age < 43.5,0.08751256384589585,6.030466169173873e-06,True,0.0053,0.0,0.0,0.0,1.0,Population Share: Stable,4.7983,0.007246,"Population share stable (low PSI) but the score no longer separates risk inside this segment -- concept drift, not exposure drift",1,,,,,,,,,,,,,,,,,,,,,,,,,,,,,,,,,,,,,,,,,,,,
Drift Localization Tree,620,454,0.124,0.0908,128.0,118.0,0.010345859695926598,0.2064516129032258,0.2599118942731278,0.05346028136990197,0.03944063187561331,0.6390926702235773,0.6579650928167877,0.018872422593210425,0.2781853404471546,0.31593018563357544,0.03774484518642085,0.24390243902439024,0.24440072639225185,0.0004982873678616162,8.809431734228263e-06,93517925.5,68368183.38,0.11978786054702938,0.0825695720677303,-0.037218288479299075,0.12423083441696149,0.010282073445123396,0.04316480988775728,bureau_score,0.17833601138459734,0.21619,"[{""feature"": ""bureau_score"", ""psi"": 0.17833601138459734}, {""feature"": ""region"", ""psi"": 0.14353741883695115}, {""feature"": ""age"", ""psi"": 0.13839834253926606}, {""feature"": ""dti"", ""psi"": 0.13813118559938295}, {""feature"": ""employment_type"", ""psi"": 0.13096079597013793}, {""feature"": ""utilization"", ""psi"": 0.01602125217143348}]",shap_bureau_score,0.17283734115664182,4.0,region != North AND bureau_score < 645.5 AND dti < 40.32 AND age < 50.5,0.07888126375122662,8.809431734228263e-06,True,0.0076,0.0,0.0,0.0,1.0,Population Share: Stable,4.3238,0.003427,Segment performance stable,2,,,,,,,,,,,,,,,,,,,,,,,,,,,,,,,,,,,,,,,,,,,,
Drift Localization Tree,412,291,0.0824,0.0582,39.0,38.0,0.008414341988708418,0.09466019417475728,0.13058419243986255,0.03592399826510527,0.13304801452709847,0.6436378634770057,0.71957561888912,0.07593775541211434,0.2872757269540114,0.43915123777824006,0.15187551082422868,0.2807451708255998,0.4007697108383607,0.12002454001276092,5.294415383990176e-07,61948922.13,41652788.87,0.07935087102789959,0.05030487549021987,-0.029045995537679718,0.14125785872017455,0.00498608400338082,0.0855120579894183,region,0.2397937940555565,0.2,"[{""feature"": ""region"", ""psi"": 0.2397937940555565}, {""feature"": ""dti"", ""psi"": 0.22259899752384216}, {""feature"": ""bureau_score"", ""psi"": 0.2029493914695421}, {""feature"": ""employment_type"", ""psi"": 0.07106803543857539}, {""feature"": ""age"", ""psi"": 0.06638066923486129}, {""feature"": ""utilization"", ""psi"": 0.044756264598669764}]",shap_dti,0.19928917602830054,25.0,bureau_score >= 645.5 AND dti >= 42.41 AND age >= 38.5 AND age < 48.5,0.13304801452709847,1.0588830767980352e-06,True,0.003,0.0,0.0,0.0,1.0,Population Share: Stable,4.0,0.008839,"Population share stable (low PSI) but the score no longer separates risk inside this segment -- concept drift, not exposure drift",3,,,,,,,,,,,,,,,,,,,,,,,,,,,,,,,,,,,,,,,,,,,,
Drift Localization Tree,431,1220,0.0862,0.244,74.0,353.0,0.1641905919149969,0.1716937354988399,0.289344262295082,0.11765052679624208,1.6274020107065468e-06,0.6416269210386858,0.6867384847623436,0.045111563723657766,0.2832538420773716,0.3734769695246871,0.09022312744731553,0.21000832765538652,0.2978686558776152,0.08786032822222867,6.782447480625676e-11,72547168.82000001,212525118.28000003,0.09292625018389612,0.2566706792908115,0.1637444291069154,0.10101239564963195,0.012866578455238165,0.30695223504067115,dti,0.21957743435137383,0.15,"[{""feature"": ""dti"", ""psi"": 0.21957743435137383}, {""feature"": ""bureau_score"", ""psi"": 0.1797410397898135}, {""feature"": ""age"", ""psi"": 0.14991036249015677}, {""feature"": ""utilization"", ""psi"": 0.022197448607866845}, {""feature"": ""employment_type"", ""psi"": 0.017561774551325654}, {""feature"": ""region"", ""psi"": 0.017086314107255023}]",shap_dti,0.2658584713484694,14.0,region != West AND bureau_score < 645.5 AND dti >= 40.32 AND age >= 43.5,6.509608042826187e-06,2.7129789922502703e-10,True,0.0729,0.0,0.0,0.0,1.0,Population Share: Moderate Drift,3.0,0.022014,"Population shift (Dev 8.6% -> Mon 24.4%, PSI 0.1642) | Significant bad-rate shift (Dev 17.17% -> Mon 28.93%, p_adj=0.0000)",4,,,,,,,,,,,,,,,,,,,,,,,,,,,,,,,,,,,,,,,,,,,,
K-Means Clustering,697,244,0.1394,0.0488,110.0,62.0,0.09509531700333936,0.15781922525107603,0.2540983606557377,0.09627913540466168,0.0008111337923331075,0.6858757937122503,0.6608472172988302,-0.025028576413420045,0.37175158742450054,0.32169443459766045,-0.05005715282684009,0.32806256775592374,0.3114143920595534,-0.016648175696370338,2.073169931729521e-10,91673929.13000001,34107478.09,0.1174258708125716,0.04119225831331117,-0.07623361249926042,0.1213855825435014,0.012531093836975015,0.18858135342837823,bureau_score,0.2400879191020673,0.382988,"[{""feature"": ""bureau_score"", ""psi"": 0.2400879191020673}, {""feature"": ""region"", ""psi"": 0.17075831052494855}, {""feature"": ""employment_type"", ""psi"": 0.11098026194570361}, {""feature"": ""dti"", ""psi"": 0.10477917949570843}, {""feature"": ""utilization"", ""psi"": 0.07729722842621257}, {""feature"": ""age"", ""psi"": 0.024410595766367824}]",shap_bureau_score,0.3007179927182217,,Cluster_6: utilization < 58.66 AND age < 37.5 AND dti < 55.14 AND bureau_score < 738.5,0.0009733605507997289,2.073169931729521e-10,True,0.0023,5e-05,0.0,0.000105,1.0,Population Share: Stable,7.6598,0.002443,"Gini drop 0.0501 (Dev 0.3718 -> Mon 0.3217) | Significant bad-rate shift (Dev 15.78% -> Mon 25.41%, p_adj=0.0010) | Population share stable (low PSI) but the score no longer separates risk inside this segment -- concept drift, not exposure drift",1,6.0,0.7503267973856209,0.8235294117647058,,,,,,,,,,,,,,,,,,,,,,,,,,,,,,,,,,,,,,,,,
K-Means Clustering,612,1113,0.1224,0.2226,175.0,450.0,0.05992782329007452,0.28594771241830064,0.40431266846361186,0.11836495604531122,9.914323055859597e-07,0.6196011768551815,0.6842684766214178,0.06466729976623631,0.2392023537103629,0.36853695324283553,0.12933459953247262,0.22576005230467472,0.2932830568124686,0.06752300450779386,1.2880748649040706e-16,97787006.83,178414967.26999998,0.12525616104971712,0.2154751928405269,0.09021903179080978,0.19032707402678917,0.019690931886381383,0.16023041741023758,dti,0.33108176976872083,0.342938,"[{""feature"": ""dti"", ""psi"": 0.33108176976872083}, {""feature"": ""age"", ""psi"": 0.2446908221440746}, {""feature"": ""region"", ""psi"": 0.23586076743825463}, {""feature"": ""bureau_score"", ""psi"": 0.2027917446503659}, {""feature"": ""employment_type"", ""psi"": 0.09261031824554534}, {""feature"": ""utilization"", ""psi"": 0.03492702191377367}]",shap_dti,0.33305654147878044,,Cluster_1: utilization >= 38.43 AND utilization < 58.66 AND age >= 37.5 AND dti < 49.98,2.9742969167578792e-06,2.222276628771657e-16,True,0.0508,0.0,0.0,0.0,1.0,Population Share: Stable,6.8588,0.02879,"Significant bad-rate shift (Dev 28.59% -> Mon 40.43%, p_adj=0.0000) | Population share stable (low PSI) but the score no longer separates risk inside this segment -- concept drift, not exposure drift",2,1.0,0.21651560926485397,0.35130718954248363,,,,,,,,,,,,,,,,,,,,,,,,,,,,,,,,,,,,,,,,,
K-Means Clustering,609,1169,0.1218,0.2338,101.0,346.0,0.0730335977013632,0.16584564860426929,0.29597946963216426,0.13013382102789497,1.943518457281357e-09,0.6858482108053325,0.706352411521362,0.02050420071602943,0.3716964216106651,0.41270482304272393,0.04100840143205886,0.29410618227177054,0.334972151792048,0.040865969520277434,4.505558729082275e-21,93232147.82,189634436.22,0.1194218056255128,0.22902516161591033,0.10960335599039753,0.19285055013707475,0.018536929589097664,0.29124839758586685,bureau_score,0.3490631624048606,0.33114,"[{""feature"": ""bureau_score"", ""psi"": 0.3490631624048606}, {""feature"": ""age"", ""psi"": 0.27499788600744446}, {""feature"": ""dti"", ""psi"": 0.20011587463069902}, {""feature"": ""region"", ""psi"": 0.17411766178943333}, {""feature"": ""employment_type"", ""psi"": 0.1217891608145832}, {""feature"": ""utilization"", ""psi"": 0.037019555175427904}]",shap_age,0.4628372381707376,,Cluster_5: utilization < 58.66 AND age >= 37.5 AND dti >= 49.98 AND bureau_score < 733,1.1661110743688141e-08,1.3516676187246825e-20,True,0.0575,0.0,0.0,0.0,1.0,Population Share: Stable,6.6228,0.009588,"Significant bad-rate shift (Dev 16.58% -> Mon 29.60%, p_adj=0.0000)",3,5.0,0.7536534446764092,0.5927750410509032,,,,,,,,,,,,,,,,,,,,,,,,,,,,,,,,,,,,,,,,,
K-Means Clustering,669,450,0.1338,0.09,139.0,123.0,0.017368297708537206,0.2077727952167414,0.2733333333333333,0.0655605381165919,0.011103406742757782,0.670700420795439,0.7065339002013874,0.03583347940594839,0.341400841590878,0.4130678004027748,0.07166695881189677,0.2737749423103027,0.32572536734541657,0.05195042503511388,1.481517752514438e-16,100607676.09,65609735.370000005,0.12886917891938932,0.07923814126912566,-0.04963103765026365,0.18213139414934695,0.017275385484138848,-0.05842332891176305,bureau_score,0.2633842632373448,0.280525,"[{""feature"": ""bureau_score"", ""psi"": 0.2633842632373448}, {""feature"": ""region"", ""psi"": 0.2543648696411956}, {""feature"": ""age"", ""psi"": 0.22433678840114296}, {""feature"": ""dti"", ""psi"": 0.2052322190067963}, {""feature"": ""employment_type"", ""psi"": 0.11276256960379123}, {""feature"": ""utilization"", ""psi"": 0.03270765500581078}]",shap_bureau_score,0.3171422705034429,,Cluster_4: utilization >= 58.66 AND age < 50.5 AND dti >= 26.26 AND bureau_score >= 596.5,0.011103406742757782,2.222276628771657e-16,True,0.0073,0.0,0.0,0.0,1.0,Population Share: Stable,5.6105,0.00645,"Significant bad-rate shift (Dev 20.78% -> Mon 27.33%, p_adj=0.0111) | Population share stable (low PSI) but the score no longer separates risk inside this segment -- concept drift, not exposure drift",4,4.0,0.7617135207496654,0.8505231689088192,,,,,,,,,,,,,,,,,,,,,,,,,,,,,,,,,,,,,,,,,
K-Means Clustering,608,1015,0.1216,0.203,52.0,161.0,0.04171497737409127,0.08552631578947369,0.15862068965517243,0.07309437386569874,2.43081369828424e-05,0.5780990592141672,0.6816406534103306,0.10354159419616349,0.1561981184283343,0.3632813068206613,0.20708318839232698,0.18317653569452125,0.2637205987170349,0.08054406302251366,1.5940128226817216e-22,110225868.15,187135673.24,0.14118919824229256,0.22600735743043826,0.0848181591881457,0.18622380855435197,0.013355260241120043,0.22563622476021628,bureau_score,0.3240751382536702,0.227912,"[{""feature"": ""bureau_score"", ""psi"": 0.3240751382536702}, {""feature"": ""dti"", ""psi"": 0.316260320242358}, {""feature"": ""region"", ""psi"": 0.2112077377360284}, {""feature"": ""age"", ""psi"": 0.13444070599663258}, {""feature"": ""employment_type"", ""psi"": 0.11020876471548116}, {""feature"": ""utilization"", ""psi"": 0.021150184381941495}]",shap_age,0.5920906680481617,,Cluster_2: utilization >= 58.66 AND age >= 50.5 AND bureau_score >= 582.5 AND dti >= 23.74,3.64622054742636e-05,9.56407693609033e-22,True,0.0478,0.0,0.0,0.0,1.0,Population Share: Stable,4.5582,0.042038,"Significant bad-rate shift (Dev 8.55% -> Mon 15.86%, p_adj=0.0000) | Population share stable (low PSI) but the score no longer separates risk inside this segment -- concept drift, not exposure drift",5,2.0,0.8518518518518519,0.4161184210526316,,,,,,,,,,,,,,,,,,,,,,,,,,,,,,,,,,,,,,,,,
K-Means Clustering,630,686,0.126,0.1372,49.0,106.0,0.0009537674534114348,0.07777777777777778,0.15451895043731778,0.07674117265954,1.6013526145997048e-05,0.615810179493484,0.6755204944697463,0.059710314976262224,0.2316203589869681,0.35104098893949254,0.11942062995252445,0.2129333661175314,0.29355888093689,0.08062551481935859,9.022130271879924e-14,107844625.02000001,119797840.38999999,0.1381390448256087,0.14468215954578367,0.006543114720174964,0.16295816351440776,0.010512609329446065,0.4025053974943321,region,0.25289019840977445,0.116344,"[{""feature"": ""region"", ""psi"": 0.25289019840977445}, {""feature"": ""dti"", ""psi"": 0.233736933606967}, {""feature"": ""age"", ""psi"": 0.17977590226894752}, {""feature"": ""bureau_score"", ""psi"": 0.17178878356453026}, {""feature"": ""employment_type"", ""psi"": 0.10922906640005361}, {""feature"": ""utilization"", ""psi"": 0.030328096836173768}]",shap_age,0.34603793730451493,,Cluster_7: utilization < 38.43 AND age >= 37.5 AND dti < 49.98,3.2027052291994096e-05,1.0826556326255909e-13,True,0.0199,0.0,0.0,0.0,1.0,Population Share: Stable,2.3269,0.016385,"Significant bad-rate shift (Dev 7.78% -> Mon 15.45%, p_adj=0.0000) | Population share stable (low PSI) but the score no longer separates risk inside this segment -- concept drift, not exposure drift",6,7.0,0.6050054406964092,0.8825396825396825,,,,,,,,,,,,,,,,,,,,,,,,,,,,,,,,,,,,,,,,,
AutoSlicer,573,1198,0.1146,0.2396,91.0,480.0,0.09219038274508189,0.15881326352530542,0.4006677796327212,0.2418545161074158,0.0,0.7306894350462815,0.7092023560817085,-0.021487078964573025,0.46137887009256295,0.4184047121634169,-0.04297415792914605,0.3750398978614747,0.33017061281337046,-0.044869285048104224,2.621314394083882e-24,93380907.42,201252537.76,0.11961235298982355,0.2430565666492327,0.12344421365940915,0.24228469291799903,0.025518119009673868,0.6245357522482747,dti,0.4434542757491564,0.901694,"[{""feature"": ""dti"", ""psi"": 0.4434542757491564}, {""feature"": ""bureau_score"", ""psi"": 0.37014917617807164}, {""feature"": ""region"", ""psi"": 0.3130111688095523}, {""feature"": ""age"", ""psi"": 0.30724672072722553}, {""feature"": ""utilization"", ""psi"": 0.019846816043988098}, {""feature"": ""employment_type"", ""psi"": 0.0}]",shap_region,0.4646090164027026,,employment_type = SelfEmployed,0.0,1.703854356154523e-23,True,0.0661,0.001251,0.000811,0.000811,1.0,Population Share: Stable,18.0339,0.010297,"Significant bad-rate shift (Dev 15.88% -> Mon 40.07%, p_adj=0.0000)",1,,,,,,,,,,,,,,,,,,,,,,,,,,,,,,,,,,,,,,,,,,,,
AutoSlicer,321,529,0.0642,0.1058,43.0,131.0,0.020781168043096605,0.13395638629283488,0.24763705103969755,0.11368066474686267,6.826611023580398e-05,0.8024928894094027,0.7396908205147879,-0.06280206889461482,0.6049857788188053,0.4793816410295757,-0.12560413778922963,0.495984607662707,0.413057654685642,-0.08292695297706504,3.1318417048398455e-13,50514176.64,87905935.51,0.06470401385240661,0.10616569167753419,0.04146167782512758,0.21242057249319798,0.021796350605680498,0.25942757208838274,bureau_score,0.4901338367806639,0.518494,"[{""feature"": ""bureau_score"", ""psi"": 0.4901338367806639}, {""feature"": ""age"", ""psi"": 0.3782505199306311}, {""feature"": ""dti"", ""psi"": 0.14301339524152035}, {""feature"": ""employment_type"", ""psi"": 0.11567449847837438}, {""feature"": ""region"", ""psi"": 0.0976137893651953}, {""feature"": ""utilization"", ""psi"": 0.04983739516280281}]",shap_age,0.7572957492123054,,dti >= 48.88 AND utilization < 33,0.00020039406553090845,7.307630644626307e-13,True,0.0129,0.000705,0.000336,0.000336,1.0,Population Share: Stable,10.3699,0.013289,"Gini drop 0.1256 (Dev 0.6050 -> Mon 0.4794) | KS drop 0.0829 (Dev 0.4960 -> Mon 0.4131) | Significant bad-rate shift (Dev 13.40% -> Mon 24.76%, p_adj=0.0002) | Population share stable (low PSI) but the score no longer separates risk inside this segment -- concept drift, not exposure drift",2,,,,,,,,,,,,,,,,,,,,,,,,,,,,,,,,,,,,,,,,,,,,
AutoSlicer,283,540,0.0566,0.108,50.0,147.0,0.03321068323443524,0.17667844522968199,0.2722222222222222,0.09554377699254021,0.002279208783343867,0.7563519313304721,0.7174880130169115,-0.03886391831356062,0.5127038626609441,0.4349760260338229,-0.07772783662712124,0.4138197424892704,0.34512125460871373,-0.06869848788055666,2.5408854072687418e-05,41978664.07,91165249.62,0.05377080736855901,0.11010202811346387,0.05633122074490486,0.2372910415477811,0.021330801487588882,0.18950592964608415,age,0.45377393728316284,0.4506,"[{""feature"": ""age"", ""psi"": 0.45377393728316284}, {""feature"": ""bureau_score"", ""psi"": 0.4282787434964697}, {""feature"": ""region"", ""psi"": 0.19464710075905495}, {""feature"": ""dti"", ""psi"": 0.15993460688761885}, {""feature"": ""employment_type"", ""psi"": 0.10612569321727473}, {""feature"": ""utilization"", ""psi"": 0.08098616764310572}]",shap_age,0.6347957087720333,,dti >= 48.88 AND 33 <= utilization < 47.67,0.0037205169857887355,3.167405096732267e-05,True,0.0132,0.000462,0.000272,0.000272,1.0,Population Share: Stable,9.012,0.008395,"Gini drop 0.0777 (Dev 0.5127 -> Mon 0.4350) | KS drop 0.0687 (Dev 0.4138 -> Mon 0.3451) | Significant bad-rate shift (Dev 17.67% -> Mon 27.22%, p_adj=0.0037) | Population share stable (low PSI) but the score no longer separates risk inside this segment -- concept drift, not exposure drift",3,,,,,,,,,,,,,,,,,,,,,,,,,,,,,,,,,,,,,,,,,,,,
AutoSlicer,414,711,0.0828,0.1422,74.0,186.0,0.032123903485088826,0.178743961352657,0.2616033755274262,0.08285941417476919,0.0014753110767093958,0.7701907790143084,0.7372452636968766,-0.03294551531743184,0.5403815580286169,0.4744905273937532,-0.06589103063486368,0.4142289348171701,0.3568356374807988,-0.05739329733637133,1.3529682611487513e-08,62183506.44,114467603.00999999,0.07965135195134351,0.13824472918377162,0.05859337723242811,0.15857891707513658,0.020311160541388942,0.09824866099648599,bureau_score,0.3925453652362644,0.426912,"[{""feature"": ""bureau_score"", ""psi"": 0.3925453652362644}, {""feature"": ""age"", ""psi"": 0.35199990155129823}, {""feature"": ""dti"", ""psi"": 0.10865461145015731}, {""feature"": ""employment_type"", ""psi"": 0.055012323172711354}, {""feature"": ""utilization"", ""psi"": 0.04326130104038812}, {""feature"": ""region"", ""psi"": 0.0}]",shap_bureau_score,0.4397914873491276,,dti >= 48.88 AND region = East,0.002533081282651981,2.086781555331125e-08,True,0.0216,0.000648,0.000313,0.000313,1.0,Population Share: Stable,8.5382,0.00937,"Gini drop 0.0659 (Dev 0.5404 -> Mon 0.4745) | KS drop 0.0574 (Dev 0.4142 -> Mon 0.3568) | Significant bad-rate shift (Dev 17.87% -> Mon 26.16%, p_adj=0.0025) | Population share stable (low PSI) but the score no longer separates risk inside this segment -- concept drift, not exposure drift",4,,,,,,,,,,,,,,,,,,,,,,,,,,,,,,,,,,,,,,,,,,,,
AutoSlicer,1162,1137,0.2324,0.2274,178.0,236.0,0.0001087472183066029,0.153184165232358,0.2075637642919965,0.05437959905963849,0.0006923210801563773,0.6718221887275053,0.6544376305047122,-0.017384558222793167,0.34364437745501064,0.3088752610094243,-0.034769116445586334,0.31714168265278153,0.2576327620910852,-0.05950892056169632,2.090979761161027e-06,184957035.87,191047336.33,0.23691295012727234,0.2307315482959355,-0.006181401831336836,0.18032618694682934,0.010204717651861372,0.21988353722611564,dti,0.4582601915425573,0.346407,"[{""feature"": ""dti"", ""psi"": 0.4582601915425573}, {""feature"": ""age"", ""psi"": 0.33666285588037564}, {""feature"": ""region"", ""psi"": 0.16436583344154587}, {""feature"": ""employment_type"", ""psi"": 0.07746260891885563}, {""feature"": ""bureau_score"", ""psi"": 0.024980090514076674}, {""feature"": ""utilization"", ""psi"": 0.02022554138356475}]",shap_dti,0.4163860707022666,,614 <= bureau_score < 661,0.0014318458703234166,2.7576689603717894e-06,True,0.0543,0.000912,0.0,2.4e-05,1.0,Population Share: Stable,6.9281,0.007906,"KS drop 0.0595 (Dev 0.3171 -> Mon 0.2576) | Significant bad-rate shift (Dev 15.32% -> Mon 20.76%, p_adj=0.0014)",5,,,,,,,,,,,,,,,,,,,,,,,,,,,,,,,,,,,,,,,,,,,,
AutoSlicer,338,235,0.0676,0.047,60.0,67.0,0.007487283855580507,0.17751479289940827,0.2851063829787234,0.10759159007931515,0.0022895489143315295,0.7365107913669064,0.7000710732054016,-0.03643971816150482,0.4730215827338129,0.40014214641080326,-0.07287943632300964,0.36738609112709836,0.3447938877043355,-0.022592203422762858,2.7013056222501768e-20,50466219.94,35785594.56999999,0.06464258573088678,0.043218951912338974,-0.02142363381854781,0.3126751611799144,0.0249589651265265,-0.1498580381705159,bureau_score,0.7865428194626888,0.344643,"[{""feature"": ""bureau_score"", ""psi"": 0.7865428194626888}, {""feature"": ""dti"", ""psi"": 0.4968574450795053}, {""feature"": ""region"", ""psi"": 0.3670763888815408}, {""feature"": ""employment_type"", ""psi"": 0.13373529230017342}, {""feature"": ""utilization"", ""psi"": 0.07698893791980757}, {""feature"": ""age"", ""psi"": 0.01485008343577042}]",shap_age,0.7689229423506668,,36 <= age < 44 AND 47.67 <= utilization < 62.49,0.0037205169857887355,1.1705657696417433e-19,True,0.0022,7.4e-05,0.0,4.3e-05,1.0,Population Share: Stable,6.8929,0.003425,"Gini drop 0.0729 (Dev 0.4730 -> Mon 0.4001) | Significant bad-rate shift (Dev 17.75% -> Mon 28.51%, p_adj=0.0037) | Population share stable (low PSI) but the score no longer separates risk inside this segment -- concept drift, not exposure drift",6,,,,,,,,,,,,,,,,,,,,,,,,,,,,,,,,,,,,,,,,,,,,
AutoSlicer,502,448,0.1004,0.0896,84.0,123.0,0.0012291143825888362,0.16733067729083664,0.27455357142857145,0.10722289413773481,6.433386344939507e-05,0.7355604921394395,0.7079924953095684,-0.0275679968298711,0.47112098427887905,0.41598499061913685,-0.0551359936597422,0.37462975620870353,0.3402876797998749,-0.03434207640882864,1.1981816290362229e-16,85724373.39,80743179.24,0.10980503716501705,0.09751509295163087,-0.01228994421338618,0.2560302334761538,0.026140124472348703,0.0998985426073491,bureau_score,0.5735161428405536,0.337654,"[{""feature"": ""bureau_score"", ""psi"": 0.5735161428405536}, {""feature"": ""dti"", ""psi"": 0.4328267741429353}, {""feature"": ""age"", ""psi"": 0.3747801310904774}, {""feature"": ""region"", ""psi"": 0.11017361607821083}, {""feature"": ""utilization"", ""psi"": 0.04488473670474567}, {""feature"": ""employment_type"", ""psi"": 0.0}]",shap_age,0.6077821973467994,,employment_type = Business AND utilization >= 62.49,0.00019514605246316504,3.759811318699872e-16,True,0.0092,0.000241,0.0,3.6e-05,1.0,Population Share: Stable,6.7531,0.00494,"Gini drop 0.0551 (Dev 0.4711 -> Mon 0.4160) | Significant bad-rate shift (Dev 16.73% -> Mon 27.46%, p_adj=0.0002) | Population share stable (low PSI) but the score no longer separates risk inside this segment -- concept drift, not exposure drift",7,,,,,,,,,,,,,,,,,,,,,,,,,,,,,,,,,,,,,,,,,,,,
AutoSlicer,301,294,0.0602,0.0588,48.0,109.0,3.2942696374271626e-05,0.15946843853820597,0.3707482993197279,0.21127986078152194,5.024028970623817e-09,0.750494071146245,0.7187453508554427,-0.031748720290802335,0.50098814229249,0.43749070171088533,-0.06349744058160467,0.4610507246376812,0.346888172576246,-0.11416255206143522,3.0558689530046783e-24,48755110.75,45411526.95999999,0.06245081225070559,0.054844375887370504,-0.007606436363335085,0.2535510380488364,0.026931623424563626,0.2780583350850916,bureau_score,0.6405044541571524,0.301102,"[{""feature"": ""bureau_score"", ""psi"": 0.6405044541571524}, {""feature"": ""dti"", ""psi"": 0.44948332959624276}, {""feature"": ""region"", ""psi"": 0.2559577094901687}, {""feature"": ""utilization"", ""psi"": 0.07678873412081712}, {""feature"": ""employment_type"", ""psi"": 0.07467555075633146}, {""feature"": ""age"", ""psi"": 0.023896450172306054}]",shap_utilization,0.6768010244119322,,44 <= age < 51 AND utilization >= 62.49,3.047910908845116e-08,1.8538938314895047e-23,True,0.0034,0.000102,0.0,3e-06,1.0,Population Share: Stable,6.022,0.003734,"Gini drop 0.0635 (Dev 0.5010 -> Mon 0.4375) | KS drop 0.1142 (Dev 0.4611 -> Mon 0.3469) | Significant bad-rate shift (Dev 15.95% -> Mon 37.07%, p_adj=0.0000) | Population share stable (low PSI) but the score no longer separates risk inside this segment -- concept drift, not exposure drift",8,,,,,,,,,,,,,,,,,,,,,,,,,,,,,,,,,,,,,,,,,,,,
AutoSlicer,1500,928,0.3,0.1856,210.0,193.0,0.05493358205238913,0.14,0.20797413793103448,0.06797413793103446,1.2174366669448489e-05,0.7557954964931709,0.740396884142258,-0.015398612350912888,0.5115909929863418,0.48079376828451603,-0.030797224701825776,0.39878183831672204,0.373620950971062,-0.02516088734566002,1.4022148998123133e-25,230620883.63,158260753.65000004,0.29540413883008054,0.1911345608141415,-0.10426957801593903,0.18703690961929395,0.01799894109195402,0.020736795267071395,dti,0.4168343931453937,0.299031,"[{""feature"": ""dti"", ""psi"": 0.4168343931453937}, {""feature"": ""bureau_score"", ""psi"": 0.3625732083950187}, {""feature"": ""age"", ""psi"": 0.30487181906932626}, {""feature"": ""employment_type"", ""psi"": 0.03307466766493966}, {""feature"": ""utilization"", ""psi"": 0.004867369441085365}, {""feature"": ""region"", ""psi"": 0.0}]",shap_age,0.61138055148902,,region = North,4.43146946767925e-05,1.0633462990243375e-24,True,0.0385,0.000546,0.0,0.0004,1.0,Population Share: Stable,5.9806,0.005716,"Significant bad-rate shift (Dev 14.00% -> Mon 20.80%, p_adj=0.0000)",9,,,,,,,,,,,,,,,,,,,,,,,,,,,,,,,,,,,,,,,,,,,,
AutoSlicer,521,363,0.1042,0.0726,61.0,68.0,0.011418571756637111,0.11708253358925144,0.18732782369146006,0.07024529010220862,0.0036100899897677508,0.7440841054882394,0.6987537387836491,-0.04533036670459034,0.4881682109764789,0.3975074775672982,-0.09066073340918068,0.41315039201710624,0.326370887337986,-0.08677950467912021,4.830207024521185e-12,88828079.14000002,68893963.21000001,0.11378059874395749,0.08320456649669804,-0.030576032247259452,0.24588655557077913,0.01992872028609247,0.03138643943684505,dti,0.47008215873202996,0.297916,"[{""feature"": ""dti"", ""psi"": 0.47008215873202996}, {""feature"": ""age"", ""psi"": 0.44773774794258875}, {""feature"": ""bureau_score"", ""psi"": 0.4055890363004644}, {""feature"": ""region"", ""psi"": 0.13149806900158792}, {""feature"": ""utilization"", ""psi"": 0.020412321448003784}, {""feature"": ""employment_type"", ""psi"": 0.0}]",shap_age,0.6141131629627317,,employment_type = Business AND utilization < 33,0.0055681048994722935,1.0222066028637857e-11,True,0.0067,0.000274,0.0,0.000148,1.0,Population Share: Stable,5.9583,0.006582,"Gini drop 0.0907 (Dev 0.4882 -> Mon 0.3975) | KS drop 0.0868 (Dev 0.4132 -> Mon 0.3264) | Significant bad-rate shift (Dev 11.71% -> Mon 18.73%, p_adj=0.0056) | Population share stable (low PSI) but the score no longer separates risk inside this segment -- concept drift, not exposure drift",10,,,,,,,,,,,,,,,,,,,,,,,,,,,,,,,,,,,,,,,,,,,,
Feature Binning,573,1198,0.1146,0.2396,,,0.09219038274508189,0.15881326352530542,0.4006677796327212,0.2418545161074158,,0.7306894350462815,0.7092023560817085,-0.021487078964573025,0.46137887009256295,0.4184047121634169,-0.04297415792914605,0.3750398978614747,0.33017061281337046,-0.044869285048104224,,93380907.42,201252537.76,0.11961235298982355,0.2430565666492327,0.12344421365940915,0.24228469291799903,0.025518119009673868,1.0592605543662723,employment_type,0.09219038274508189,0.782012,"[{""feature"": ""dti"", ""psi"": 0.4434542757491564}, {""feature"": ""bureau_score"", ""psi"": 0.37014917617807164}, {""feature"": ""region"", ""psi"": 0.3130111688095523}, {""feature"": ""age"", ""psi"": 0.30724672072722553}, {""feature"": ""utilization"", ""psi"": 0.019846816043988098}, {""feature"": ""employment_type"", ""psi"": 0.0}]",shap_region,0.4646090164027026,,employment_type = SelfEmployed,,,True,0.2430565666492327,0.0012513291234518367,0.0008109907219671922,,0.5957894736842105,Stable,15.64024973295117,,,1,,,,employment_type,categorical,-2.7628125635658747,-1.7035520091996024,5.284552036323253,4.7830048607858,-0.5015471755374534,0.028501151832460735,0.13512696160267113,0.10662580977021038,480.0,-0.1584457472422033,0.07728725303785415,0.36,-0.14659745733901847,0.032634749817320625,0.32,-0.07922287362110166,0.038643626518927075,0.36,0.20397492038796483,0.28513319901989065,0.0,0.05918420850049676,0.12038081559252328,0.0,0.2418545161074158,0.10662580977021038,0.3900285344581471,0.28272377245440816,0.3900285344581471,0.8455869881797066,1.0,0.5816735659100818,0.64,0.7410526315789474,0.64,0.0,0.0,0.0,
Feature Binning,356,672,0.0712,0.1344,,,0.040152704931214714,0.15168539325842698,0.24851190476190477,0.09682651150347779,,0.7526367427029679,0.6975158593703682,-0.05512088333259968,0.5052734854059358,0.3950317187407364,-0.11024176666519936,0.4320578857002698,0.32968518408727104,-0.10237270161299877,,56518162.22,109785382.11,0.07239456711840495,0.13258992080761872,0.060195353689213776,0.24729677218860782,0.02110117375601926,0.6091325610815077,bureau_score,0.040152704931214714,0.597686,"[{""feature"": ""region"", ""psi"": 0.4197924901949741}, {""feature"": ""dti"", ""psi"": 0.3746716783083376}, {""feature"": ""age"", ""psi"": 0.27095639204567906}, {""feature"": ""employment_type"", ""psi"": 0.1435228700932078}, {""feature"": ""utilization"", ""psi"": 0.02754043030084033}]",shap_bureau_score,0.4910322512371732,,bureau_score is Missing,,,True,0.13258992080761872,0.0009822588459150274,0.0005761208020780841,,0.5074085213032582,Stable,11.953723105360197,,,2,,,,bureau_score,missing,-2.7756545151265057,-2.166521954044998,6.688702808111441,4.545654131373377,-2.143048676738064,0.03296637640449438,0.03783071428571429,0.004864337881219906,167.0,-0.27039575725224707,0.025701299232097456,0.16,-0.2626445468820583,0.03520809550082616,0.2,-0.13519787862612354,0.012850649616048728,0.16,0.055958651016586404,0.1413034209470305,0.0,-0.03594332935393259,0.027133580745886832,0.76,0.09682651150347779,0.004864337881219906,0.4633085674563804,0.3515391695255066,0.4633085674563804,0.27714084216354007,0.035116207922538785,0.3180826709048693,0.4266666666666667,0.7410526315789474,0.4266666666666667,0.0,0.8685714285714285,0.0,
Feature Binning,64,128,0.0128,0.0256,,,0.0088722839111673,0.078125,0.359375,0.28125,,0.9830508474576272,0.6816012725344645,-0.3014495749231627,0.9661016949152543,0.3632025450689289,-0.6028991498463254,0.9830508474576272,0.3388123011664899,-0.6442385462911373,,9947966.95,22262794.75,0.01274243062345365,0.026887206075406078,0.014144775451952427,0.6240517513977093,0.024642317708333333,7.532099273814898,dti,0.0088722839111673,0.35806,"[{""feature"": ""age"", ""psi"": 2.6487218679339533}, {""feature"": ""bureau_score"", ""psi"": 0.7454704102931978}, {""feature"": ""utilization"", ""psi"": 0.10937939777651784}, {""feature"": ""employment_type"", ""psi"": 0.0894839946785979}, {""feature"": ""dti"", ""psi"": 0.08566026587802439}, {""feature"": ""region"", ""psi"": 0.06559457182596487}]",shap_bureau_score,0.9261431947964385,,61.885 < dti <= 63.465,,,True,0.026887206075406078,0.00020749150316294758,0.0001684884695559642,,0.8818461538461537,Stable,7.161196996414333,,,3,,,,dti,numeric,-9.50929170579415,-1.9771924319792509,20.37495236729607,4.752502559953294,-15.622449807342777,0.19086937499999998,0.09477296874999999,-0.09609640624999999,46.0,-0.8269529813501443,-0.4643745727956255,0.0,-0.74228257242871,-0.5058420043811611,0.0,-0.41347649067507214,-0.23218728639781275,0.0,0.1736328125,0.39140624999999996,0.0,-0.122511052734375,0.019325121093750005,0.24,0.28125,0.09609640624999999,1.0,1.0,1.0,1.0,0.9001621084256983,0.9800324216851397,0.0,0.0,0.0,0.0,0.5907692307692307,0.0,
Feature Binning,52,63,0.0104,0.0126,,,0.0004221602171822321,0.038461538461538464,0.23809523809523808,0.19963369963369962,,0.74,0.6847222222222222,-0.05527777777777776,0.48,0.36944444444444446,-0.11055555555555552,0.62,0.32499999999999996,-0.29500000000000004,,8793141.940000001,10852583.52,0.011263206009407849,0.01310687417413287,0.0018436681647250215,0.8599285777967632,0.015939687627187626,1.414554785068452,utilization,0.0004221602171822321,0.26245,"[{""feature"": ""dti"", ""psi"": 3.339054920415406}, {""feature"": ""age"", ""psi"": 0.525464773678757}, {""feature"": ""employment_type"", ""psi"": 0.47068162328333263}, {""feature"": ""bureau_score"", ""psi"": 0.46012890784264554}, {""feature"": ""region"", ""psi"": 0.22694993951133666}, {""feature"": ""utilization"", ""psi"": 0.13729130204910125}]",shap_employment_type,0.7592180060742193,,34.61 < utilization <= 35.455,,,True,0.01310687417413287,7.245869795329158e-06,2.9646174057922637e-06,,0.3328203266787659,Stable,5.248991058893279,,,4,,,,utilization,numeric,-3.9304669025164194,-2.5159121174479675,5.036530657672279,7.034507778080116,1.9979771204078371,0.09650249999999999,0.11638936507936505,0.01988686507936506,15.0,-0.5665147927125764,0.28357322574762606,0.8095238095238095,-0.5825710429099177,0.023435049019607947,0.09523809523809523,-0.2832573963562882,0.14178661287381303,0.8095238095238095,0.10179334554334553,0.2857142857142857,0.0,-0.03533675007631258,0.1027789393315018,0.44,0.19963369963369962,0.01988686507936506,0.4636504030095068,0.5820598032042885,0.4636504030095068,0.680099912275415,0.17755708206147996,0.4734035207120394,0.9268965517241379,0.7410526315789474,0.9268965517241379,0.0,0.7410526315789474,0.0,
Feature Binning,492,804,0.0984,0.1608,,,0.03064592248764747,0.1951219512195122,0.27860696517412936,0.08348501395461716,,0.7399779040404041,0.7260583435960591,-0.013919560444344947,0.4799558080808082,0.4521166871921183,-0.027839120888689894,0.36616161616161613,0.360929802955665,-0.005231813205951119,,74964481.62,137762502.89999998,0.09602260553006928,0.16637842851855006,0.07035582298848078,0.20083448884103675,0.02032076861626825,0.2170546671072957,dti,0.03064592248764747,0.260576,"[{""feature"": ""bureau_score"", ""psi"": 0.40412930509775274}, {""feature"": ""age"", ""psi"": 0.3538792848955222}, {""feature"": ""region"", ""psi"": 0.2067500210760858}, {""feature"": ""employment_type"", ""psi"": 0.14827043396085107}, {""feature"": ""dti"", ""psi"": 0.06216625756912671}, {""feature"": ""utilization"", ""psi"": 0.029811630446881995}]",shap_age,0.5314911454330983,,53.38 < dti <= 61.885,,,True,0.16637842851855006,0.0003723990664577725,0.00017353627922361432,,0.32913454545454546,Stable,5.211510228102387,,,5,,,,dti,numeric,-2.5848896513459927,-2.367834984238697,5.664819902554704,5.492364910722885,-0.17245499183181945,0.034785467479674786,0.04785955223880597,0.013074084759131181,224.0,-0.16236654202719433,0.09339021731375384,0.52,-0.1536054686918859,0.07094077693569589,0.72,-0.08118327101359717,0.04669510865687692,0.52,0.03184231282611333,0.11867415968935804,0.0,-0.0246897846211018,0.023504591690935533,0.92,0.08348501395461716,0.013074084759131181,0.37354071759362895,0.23528888029223577,0.37354071759362895,0.2248480254455196,0.11295953656657098,0.26403557549831685,0.7563636363636363,0.9216,0.7563636363636363,0.0,0.92,0.0,
Feature Binning,1500,928,0.3,0.1856,,,0.05493358205238913,0.14,0.20797413793103448,0.06797413793103446,,0.7557954964931709,0.740396884142258,-0.015398612350912888,0.5115909929863418,0.48079376828451603,-0.030797224701825776,0.39878183831672204,0.373620950971062,-0.02516088734566002,,230620883.63,158260753.65000004,0.29540413883008054,0.1911345608141415,-0.10426957801593903,0.18703690961929395,0.01799894109195402,0.2292219381274414,region,0.05493358205238913,0.228598,"[{""feature"": ""dti"", ""psi"": 0.4168343931453937}, {""feature"": ""bureau_score"", ""psi"": 0.3625732083950187}, {""feature"": ""age"", ""psi"": 0.30487181906932626}, {""feature"": ""employment_type"", ""psi"": 0.03307466766493966}, {""feature"": ""utilization"", ""psi"": 0.004867369441085365}, {""feature"": ""region"", ""psi"": 0.0}]",shap_age,0.61138055148902,,region = North,,,True,0.1911345608141415,0.0005462592208405091,0.0,,0.32031701631701626,Stable,4.5719692949190485,,,6,,,,region,categorical,-2.940265723150131,-2.7110437850226896,6.822769444016098,6.038498710762747,-0.7842707332533507,0.024317279999999997,0.02124153017241379,-0.003075749827586207,193.0,-0.1270702314240018,0.06948870791764701,0.64,-0.11383050345680515,0.07926552120265141,0.76,-0.0635351157120009,0.034744353958823505,0.64,0.03500790229885057,0.10165775862068964,0.0,-0.009900577655890806,0.028221923903017247,0.52,0.06797413793103446,0.003075749827586207,0.37676321872176277,0.2591383701505597,0.37676321872176277,0.16405219693626674,0.01815714088450354,0.23897482908297113,0.8533333333333334,0.9353846153846154,0.8533333333333334,0.0,0.7563636363636363,0.0,
Feature Binning,1404,1160,0.2808,0.232,,,0.009316178663684881,0.17236467236467237,0.2818965517241379,0.10953187935946554,,0.7333821709506266,0.7217822908980105,-0.01159988005261614,0.46676434190125327,0.443564581796021,-0.02319976010523228,0.3709833430534416,0.340932703356572,-0.030050639696869608,,215922421.46,171800524.56,0.27657676079253257,0.20748680296338728,-0.06908995782914529,0.1740242624409729,0.017352090455840453,0.3264759006255682,age,0.009316178663684881,0.224766,"[{""feature"": ""dti"", ""psi"": 0.35308575109346074}, {""feature"": ""bureau_score"", ""psi"": 0.3334463722379144}, {""feature"": ""region"", ""psi"": 0.24075204250452187}, {""feature"": ""employment_type"", ""psi"": 0.085487826327261}, {""feature"": ""age"", ""psi"": 0.024934635272011965}, {""feature"": ""utilization"", ""psi"": 0.006438947210667629}]",shap_dti,0.38555463458281974,,38.5 < age <= 46.5,,,True,0.20748680296338728,0.0005583827102352533,0.0,,0.39341793218223425,Stable,4.4953282571447115,,,7,,,,age,numeric,-2.6093612053571182,-2.28288530473155,6.226224619803407,5.2432235476864015,-0.9830010721170055,0.034033497150997155,0.04696386206896552,0.012930364917968368,327.0,-0.10361578413226398,0.038249386712048784,0.48,-0.09572344034117718,0.03193410043862618,0.44,-0.05180789206613199,0.019124693356024392,0.48,0.0778801331172021,0.13441073533745945,0.0,-0.015494904393236083,0.02837996518444838,0.56,0.10953187935946554,0.012930364917968368,0.3684866876126246,0.26499002679513634,0.3684866876126246,0.3269403095917626,0.11159681113853058,0.28810010455013574,0.7563636363636363,0.7410526315789474,0.7563636363636363,0.0,0.7791304347826088,0.0,
Feature Binning,102,87,0.0204,0.0174,,,0.000477194083889063,0.08823529411764706,0.2988505747126437,0.21061528059499662,,0.5436081242532855,0.7011349306431274,0.15752680638984184,0.08721624850657106,0.40226986128625475,0.3150536127796837,0.2222222222222222,0.36948297604035313,0.14726075381813092,,16264665.309999999,14740416.220000003,0.020833540196509022,0.017802284618574152,-0.00303125557793487,0.4307993772871653,0.028393633085418077,0.3039492221989395,utilization,0.000477194083889063,0.201899,"[{""feature"": ""bureau_score"", ""psi"": 0.9047188467695593}, {""feature"": ""age"", ""psi"": 0.6425189595839873}, {""feature"": ""dti"", ""psi"": 0.46078733856585263}, {""feature"": ""region"", ""psi"": 0.29724342983400703}, {""feature"": ""utilization"", ""psi"": 0.1561369985052382}, {""feature"": ""employment_type"", ""psi"": 0.12339069046434777}]",shap_bureau_score,3.4935908986100666,,78.975 < utilization <= 82.135,,,True,0.017802284618574152,0.0,0.0,,0.5074085213032582,Stable,4.03797036173501,,,8,,,,utilization,numeric,-2.326772445463831,-2.0228232232648917,-0.04721121247029214,3.7964636071299567,3.843674819600249,0.14546843137254903,0.09522609195402298,-0.050242339418526044,26.0,-0.1710171454497696,0.6952704107927531,0.16,-0.19935021681395168,0.3465987242767909,0.28,-0.0855085727248848,0.34763520539637655,0.16,0.11904158215010141,0.3193458417849898,0.0,-0.07575855780933062,0.0402461775693036,0.76,0.21061528059499662,0.050242339418526044,0.0,0.052798218397204735,0.0,0.7231428913997675,0.4653821758517019,0.24826465712973483,0.4266666666666667,0.7410526315789474,0.4266666666666667,0.0,0.8685714285714285,0.0,
Feature Binning,251,264,0.0502,0.0528,,,0.0001312900264377837,0.22310756972111553,0.3446969696969697,0.12158939997585419,,0.6897435897435897,0.729340024137712,0.039596434394122304,0.37948717948717947,0.4586800482754241,0.07919286878824461,0.3526556776556776,0.3679730673950327,0.015317389739355092,,40747852.44,43663355.89,0.05219425088373726,0.05273307601051417,0.0005388251267769081,0.3193507357284577,0.032886309811260006,-0.13345444287364927,utilization,0.0001312900264377837,0.193717,"[{""feature"": ""dti"", ""psi"": 0.6740371146845653}, {""feature"": ""bureau_score"", ""psi"": 0.6079899159014337}, {""feature"": ""age"", ""psi"": 0.27672956627722195}, {""feature"": ""region"", ""psi"": 0.21520083884441343}, {""feature"": ""employment_type"", ""psi"": 0.11558809920748425}, {""feature"": ""utilization"", ""psi"": 0.026558879455627606}]",shap_dti,0.7045398464439435,,utilization > 84.205,,,True,0.05273307601051417,0.0,0.0,,0.4260645161290323,Stable,3.874330419254531,,,9,,,,utilization,numeric,-2.2319156473603927,-2.365370090234042,4.6353162123482825,5.288358918832943,0.6530427064846602,0.10394669322709163,0.054152575757575754,-0.049794117469515876,91.0,-0.06769968410223644,0.2933658971894342,0.36,-0.11589252754752379,0.16964573768899488,0.92,-0.03384984205111822,0.1466829485947171,0.36,0.050793417240130395,0.19703157068694915,0.0,-0.07567905731618979,0.03808142786807315,0.28,0.12158939997585419,0.049794117469515876,0.2569421364523232,0.2106972708775157,0.2569421364523232,0.37420050008817446,0.4611322167480731,0.31198285212368193,0.64,0.9496774193548387,0.64,0.0,0.64,0.0,
Feature Binning,63,138,0.0126,0.0276,,,0.011761784381485079,0.3492063492063492,0.2536231884057971,-0.09558316080055207,,0.671840354767184,0.7675450762829403,0.09570472151575637,0.3436807095343679,0.5350901525658807,0.19140944303151275,0.3082039911308204,0.4995839112343967,0.1913799201035763,,10964105.6,21028695.89,0.014044010767066297,0.025396761109315567,0.01135275034224927,0.4034481308395467,0.025997780078214867,-1.4859702190846282,dti,0.011761784381485079,0.181172,"[{""feature"": ""bureau_score"", ""psi"": 0.7906445437894466}, {""feature"": ""age"", ""psi"": 0.41682715847180807}, {""feature"": ""employment_type"", ""psi"": 0.38572705125974804}, {""feature"": ""region"", ""psi"": 0.3553924210660493}, {""feature"": ""utilization"", ""psi"": 0.26792497309242935}, {""feature"": ""dti"", ""psi"": 0.20417263735779873}]",shap_age,2.8290588000905754,,63.465 < dti <= 65.435,,,False,0.025396761109315567,0.0,0.0,,0.46501176107423986,Stable,3.6234402294813517,,,10,,,,dti,numeric,-1.6355792723567784,-3.1215494914414066,4.544704071691657,6.427576499179393,1.8828724274877358,0.16438396825396825,0.10030478260869566,-0.0640791856452726,35.0,-0.23655772532585193,0.5911306090556447,0.52,-0.14201070821669212,0.40105120589454396,0.4,-0.11827886266292596,0.29556530452782237,0.52,-0.1945220841959972,0.045376121463077956,0.16,-0.15606641131815033,0.01017092624223601,0.08,0.09558316080055207,0.0640791856452726,0.13469556907749713,0.0,0.13469556907749713,0.272267452936716,0.5965806383918291,0.22764784589670786,0.7563636363636363,0.7410526315789474,0.7563636363636363,0.16516129032258065,0.256,0.16516129032258065,
Feature Binning,216,637,0.0432,0.1274,,,0.09106156307216949,0.17592592592592593,0.3673469387755102,0.1914210128495843,,0.6969248965109404,0.7153294733939896,0.018404576883049195,0.3938497930218807,0.4306589467879791,0.03680915376609839,0.35984624482554706,0.33457402812241527,-0.02527221670313179,,33541492.549999997,102801829.16999999,0.04296356672409959,0.12415574939541144,0.08119218267131184,0.2628351013512152,0.02905844210903735,0.7902873120663667,dti,0.09106156307216949,0.156896,"[{""feature"": ""bureau_score"", ""psi"": 0.5616715259311202}, {""feature"": ""age"", ""psi"": 0.49709181985031897}, {""feature"": ""region"", ""psi"": 0.18220312403843006}, {""feature"": ""dti"", ""psi"": 0.1624281780956856}, {""feature"": ""employment_type"", ""psi"": 0.13311422127954856}, {""feature"": ""utilization"", ""psi"": 0.040501738912187626}]",shap_bureau_score,0.6218889412527524,,dti > 65.435,,,True,0.12415574939541144,0.0,0.0,,0.32061538461538464,Stable,3.137927768120673,,,11,,,,dti,numeric,-2.825911022415173,-2.035623710348806,5.251192253525695,4.7202553354597345,-0.5309369180659607,0.0842998148148148,0.06360031397174254,-0.02069950084307226,234.0,-0.11551374389485487,0.23920266921091474,0.64,-0.18067661974279933,0.1290101082465937,0.56,-0.057756871947427436,0.11960133460545737,0.64,0.13636893860108146,0.25655270655270657,0.0,-0.04608969467701613,0.03493479782981569,0.68,0.1914210128495843,0.02069950084307226,0.3031141365244164,0.2592716000418905,0.3031141365244164,0.6479097834543122,0.185262346762436,0.3397344006614943,0.8533333333333334,0.8533333333333334,0.8533333333333334,0.0,0.836923076923077,0.0,
Feature Binning,377,386,0.0754,0.0772,,,4.246592763027658e-05,0.1989389920424403,0.3082901554404145,0.10935116339797418,,0.6785871964679911,0.7399678972712681,0.061380700803276955,0.3571743929359823,0.4799357945425362,0.12276140160655391,0.27584988962472407,0.4004028577723224,0.12455296814759831,,57723323.82,61453735.24,0.0739382682741522,0.07421885985367244,0.00028059157952023406,0.253902710423579,0.02716629856653977,-0.15258124374292992,utilization,4.246592763027658e-05,0.14419,"[{""feature"": ""bureau_score"", ""psi"": 0.41895322931766443}, {""feature"": ""dti"", ""psi"": 0.3724792294428087}, {""feature"": ""age"", ""psi"": 0.3380869566501862}, {""feature"": ""region"", ""psi"": 0.2395696330694131}, {""feature"": ""employment_type"", ""psi"": 0.10935575760710667}, {""feature"": ""utilization"", ""psi"": 0.04497145645429481}]",shap_age,0.5201173228469684,,70.255 < utilization <= 78.975,,,True,0.07421885985367244,0.0,0.0,,0.5416637593984963,Stable,2.8837995950109327,,,12,,,,utilization,numeric,-2.2553490494962833,-2.4079302932392133,4.395623807362941,5.498043240554033,1.1024194331910921,0.061180371352785146,0.05669339378238343,-0.004486977570401715,119.0,-0.023744975054619463,0.3234314895402233,0.08,-0.032217602043194814,0.26042784784867773,0.2,-0.011872487527309732,0.16171574477011166,0.08,0.04440342353733458,0.14667661934277978,0.0,-0.03993847652760405,0.044844598306441615,0.64,0.10935116339797418,0.004486977570401715,0.20947941876991025,0.07997304349232935,0.20947941876991025,0.3262319823130835,0.03153814600064575,0.17134040186917582,0.3657142857142857,0.7410526315789474,0.3657142857142857,0.0,0.8192,0.0,
Feature Binning,426,266,0.0852,0.0532,,,0.015070177199605482,0.13380281690140844,0.34962406015037595,0.2158212432489675,,0.696120382256454,0.7434893405432282,0.04736895828677423,0.392240764512908,0.4869786810864565,0.09473791657354846,0.28840393667094566,0.3663372490521475,0.07793331238120182,,61031039.7,41148088.82,0.078175148064248,0.049695339517625156,-0.02847980854662284,0.23519254327613348,0.02610266629013849,0.25606199837936483,age,0.015070177199605482,0.13309,"[{""feature"": ""bureau_score"", ""psi"": 0.6667290331660742}, {""feature"": ""dti"", ""psi"": 0.4430470520074666}, {""feature"": ""region"", ""psi"": 0.16539924061876377}, {""feature"": ""employment_type"", ""psi"": 0.0891909624031156}, {""feature"": ""utilization"", ""psi"": 0.032688863206694625}, {""feature"": ""age"", ""psi"": 0.014100108254686185}]",shap_age,0.931786811242906,,35.5 < age <= 38.5,,,True,0.049695339517625156,0.0,0.0,,0.6299228070175438,Stable,2.6617953119366233,,,13,,,,age,numeric,-2.830701667875044,-2.5746396694956792,5.205529009417397,6.312086816876977,1.1065578074595797,0.04773037558685446,0.08973383458646614,0.04200345899961168,93.0,-0.056429448955729385,0.2210680161089845,0.16,-0.07329782188751412,0.1749617415511047,0.4,-0.028214724477864692,0.11053400805449225,0.16,0.1456881640721522,0.29726384623530655,0.0,-0.005431556280666433,0.08995272187511032,0.08,0.2158212432489675,0.04200345899961168,0.24000766180590047,0.1357636436780069,0.24000766180590047,0.7435479808515291,0.3872626082638151,0.3493179112810304,0.4266666666666667,0.7410526315789474,0.4266666666666667,0.0,0.256,0.0,
Feature Binning,138,477,0.0276,0.0954,,,0.08408981822857105,0.42028985507246375,0.5178197064989518,0.09752985142648807,,0.5829741379310345,0.6763509945432142,0.09337685661217976,0.16594827586206895,0.35270198908642847,0.18675371322435952,0.21594827586206894,0.31328991374757964,0.0973416378855107,,21619859.64,75589630.47,0.027693051548739377,0.09129105282752896,0.06359800127878959,0.27984629418116486,0.02342046911554704,-1.093792749595226,bureau_score,0.08408981822857105,0.131648,"[{""feature"": ""dti"", ""psi"": 0.6588093278389995}, {""feature"": ""age"", ""psi"": 0.4946327184496616}, {""feature"": ""region"", ""psi"": 0.24956656081601114}, {""feature"": ""bureau_score"", ""psi"": 0.1301149480054997}, {""feature"": ""employment_type"", ""psi"": 0.09810991604508847}, {""feature"": ""utilization"", ""psi"": 0.047844293931728996}]",shap_dti,0.7164213671039737,,bureau_score <= 530.5,,,True,0.09129105282752896,0.0,0.0,,0.6960222779170148,Stable,2.6329625412346633,,,14,,,,bureau_score,numeric,-0.9015832706292933,-1.9953760202245192,1.3956254047160022,4.604926908504236,3.209301503788234,0.107615,0.06707639412997904,-0.04053860587002096,247.0,0.0009392362641322894,0.3967807129114866,0.08,-0.07603515465890896,0.21885079811958294,0.4,0.0004696181320661447,0.1983903564557433,0.08,0.00993984140005469,0.21052091878589005,0.04,-0.14290235858171546,-0.01024982986965633,0.0,0.09752985142648807,0.04053860587002096,0.1397674311565811,0.11253734329710896,0.1397674311565811,0.27989762606652735,0.37337313697100705,0.2090685937295611,0.3657142857142857,0.7410526315789474,0.3657142857142857,0.047407407407407405,0.0,0.0,
Feature Binning,870,402,0.174,0.0804,,,0.07226304911557133,0.16436781609195403,0.3283582089552239,0.16399039286326986,,0.6963428593414839,0.6933641975308642,-0.002978661810619676,0.39268571868296775,0.3867283950617284,-0.005957323621239352,0.3154067390656112,0.31885521885521884,0.0034484797896076613,,117733982.54,55455367.620000005,0.15080640216027794,0.06697451573039102,-0.08383188642988691,0.20754673648907926,0.024316329273174356,0.8319191764183331,age,0.07226304911557133,0.120026,"[{""feature"": ""bureau_score"", ""psi"": 0.46564984852427194}, {""feature"": ""dti"", ""psi"": 0.4124368271698958}, {""feature"": ""region"", ""psi"": 0.1602500853410021}, {""feature"": ""employment_type"", ""psi"": 0.1564477108231093}, {""feature"": ""age"", ""psi"": 0.03905137141569233}, {""feature"": ""utilization"", ""psi"": 0.011444575660503963}]",shap_age,0.5522961946498979,,25.5 < age <= 35.5,,,True,0.06697451573039102,1.6039352356185347e-05,0.0,,0.4619045161290322,Stable,2.4005119267230457,,,15,,,,age,numeric,-2.796014047694047,-1.9640948712757138,6.016876083693004,4.108473371558293,-1.9084027121347118,0.023318528735632175,0.06416771144278606,0.04084918270715389,132.0,-0.21803712528162292,0.1399983804924697,0.68,-0.1212169266123849,0.11952027833299006,0.88,-0.10901856264081146,0.06999919024623485,0.68,0.11617472979927948,0.20025047177903582,0.0,0.01112845457625664,0.06541373585091778,0.0,0.16399039286326986,0.04084918270715389,0.3497031105201966,0.22490101388591996,0.3497031105201966,0.5403937884805313,0.37631797012624235,0.3682037987066173,0.8704000000000001,0.9496774193548387,0.8704000000000001,0.0,0.0,0.0,
Feature Binning,1193,1447,0.2386,0.2894,,,0.00980548227030524,0.16261525565800503,0.25293711126468554,0.09032185560668052,,0.7314531025871233,0.7300086440909298,-0.001444458496193457,0.4629062051742465,0.4600172881818596,-0.002888916992386914,0.3848074879002714,0.3550471886484382,-0.02976029925183321,,184493982.61999997,239652676.88,0.23631982150684702,0.28943315437947276,0.053113332872625735,0.19543801285630227,0.017600866018912056,0.2636663997446802,dti,0.00980548227030524,0.11934,"[{""feature"": ""bureau_score"", ""psi"": 0.4355439610257132}, {""feature"": ""age"", ""psi"": 0.32436495667968557}, {""feature"": ""region"", ""psi"": 0.24711198232554682}, {""feature"": ""employment_type"", ""psi"": 0.12365497647628813}, {""feature"": ""dti"", ""psi"": 0.032660559340253255}, {""feature"": ""utilization"", ""psi"": 0.009291641290326655}]",shap_age,0.46575560797974275,,40.745 < dti <= 53.38,,,True,0.28943315437947276,0.00012099066738046143,2.5388913696485132e-05,,0.44445942442312686,Stable,2.3868087351258023,,,16,,,,dti,numeric,-2.7714824503962636,-2.5078160506515834,6.185431799961778,6.078080726690478,-0.10735107327129967,0.02256466890192791,0.04118220456116101,0.018617535659233096,366.0,-0.08276914971508238,0.05783675102925126,0.8,-0.10068940208108407,0.02542716758839183,0.44,-0.04138457485754119,0.02891837551462563,0.8,0.06645025607219261,0.11681107717154489,0.0,0.0017964973132839563,0.03545662694211975,0.04,0.09032185560668052,0.018617535659233096,0.3463604476362432,0.26464257104025213,0.3463604476362432,0.25164544501046265,0.16552153106602588,0.2749060884778454,0.9268965517241379,0.7410526315789474,0.9268965517241379,0.0,0.18285714285714286,0.0,
Feature Binning,193,535,0.0386,0.107,,,0.06973903656659265,0.06217616580310881,0.16074766355140188,0.09857149774829307,,0.6146408839779005,0.7373491479774176,0.12270826399951706,0.22928176795580102,0.47469829595483515,0.24541652799903413,0.28130755064456714,0.37965504739213757,0.09834749674757043,,39088531.7,104592797.22999999,0.05006881364437171,0.12631873602150384,0.07624992237713213,0.26209817743586955,0.020045768243668587,0.4517377856332301,age,0.06973903656659265,0.108461,"[{""feature"": ""bureau_score"", ""psi"": 0.6023726984622231}, {""feature"": ""dti"", ""psi"": 0.49239586954310177}, {""feature"": ""region"", ""psi"": 0.220660997073042}, {""feature"": ""employment_type"", ""psi"": 0.14831823264043068}, {""feature"": ""utilization"", ""psi"": 0.0613768073454201}, {""feature"": ""age"", ""psi"": 0.04746445955099956}]",shap_age,0.8891763147786191,,age > 63.5,,,True,0.12631873602150384,0.0,0.0,,0.575578947368421,Stable,2.169211018243627,,,17,,,,age,numeric,-3.2026451398965796,-2.7509073542633495,5.693252065381967,6.430650190813116,0.7373981254311497,0.0578759067357513,0.029921457943925228,-0.02795444879182607,86.0,0.02011912895203497,0.5237429759655534,0.04,-0.07493197096882201,0.20050453633008153,0.44,0.010059564476017486,0.2618714879827767,0.04,0.05354704372669604,0.1343516052491405,0.0,-0.05806377363081691,0.022068842111762143,0.44,0.09857149774829307,0.02795444879182607,0.07586129441065911,0.11133361348199428,0.07586129441065911,0.2839804226185382,0.25405244539381716,0.16021781406313357,0.32,0.7410526315789474,0.32,0.0,0.7410526315789474,0.0,
Feature Binning,56,67,0.0112,0.0134,,,0.00039455004304279705,0.25,0.22388059701492538,-0.02611940298507462,,0.7091836734693877,0.691025641025641,-0.018158032443746697,0.4183673469387754,0.382051282051282,-0.03631606488749339,0.3333333333333333,0.4269230769230769,0.09358974358974359,,8383204.62,11494580.799999999,0.010738114009573195,0.013882226656202094,0.003144112646628899,0.40588906946370495,0.011599231520966596,-0.27562409120890585,utilization,0.00039455004304279705,0.105899,"[{""feature"": ""dti"", ""psi"": 0.6588790259324012}, {""feature"": ""age"", ""psi"": 0.5105928533673988}, {""feature"": ""utilization"", ""psi"": 0.4613727315138816}, {""feature"": ""bureau_score"", ""psi"": 0.43339815647333624}, {""feature"": ""region"", ""psi"": 0.3539284880627113}, {""feature"": ""employment_type"", ""psi"": 0.017163161432500355}]",shap_utilization,0.7253711634052267,,33.895 < utilization <= 34.61,,,False,0.013882226656202094,2.7648407282156005e-06,7.796535376462834e-07,,0.11648,Stable,2.1179848212426706,,,18,,,,utilization,numeric,-2.1129669712531287,-2.3885910624620346,7.0960443494449565,6.64549295075604,-0.45055139868891647,0.13962285714285716,0.15902477611940297,0.019401918976545807,15.0,-0.37423829118994223,0.329169605765039,0.96,-0.2260660927806129,0.2840797235710026,0.72,-0.18711914559497111,0.1645848028825195,0.96,-0.18258262260127933,0.11502531982942431,0.68,-0.13718917557302765,0.08838796381929633,0.84,0.02611940298507462,0.019401918976545807,0.3827753365674346,0.11702730426213491,0.3827753365674346,0.0,0.17295891120216036,0.2111073777198329,0.96,0.9216,0.96,0.68,0.896,0.68,
Feature Binning,738,1666,0.1476,0.3332,,,0.1511223868522441,0.1802168021680217,0.336734693877551,0.15651789170952932,,0.6834648604983534,0.7127083988675684,0.029243538369215005,0.36692972099670684,0.42541679773513685,0.05848707673843001,0.3093270365997639,0.32716303304538596,0.01783599644562206,,119013427.71,279015863.74,0.15244525373640203,0.3369728334168289,0.18452757968042685,0.18650722760397617,0.023364721579688785,0.547027662089153,region,0.1511223868522441,0.104365,"[{""feature"": ""dti"", ""psi"": 0.3732178533915588}, {""feature"": ""bureau_score"", ""psi"": 0.3245768780040877}, {""feature"": ""age"", ""psi"": 0.2843071747926652}, {""feature"": ""employment_type"", ""psi"": 0.12300628850969608}, {""feature"": ""utilization"", ""psi"": 0.013935170925848972}, {""feature"": ""region"", ""psi"": 0.0}]",shap_age,0.41437464641739485,,region = West,,,True,0.3369728334168289,0.0,0.0,,0.5519999999999999,Moderate Drift,2.087302081435785,,,19,,,,region,categorical,-2.4890923738539703,-1.9420647117648173,5.3002723083113485,4.892256406679945,-0.4080159016314031,0.030799037940379408,0.09219576830732293,0.06139673036694352,561.0,-0.0719384542752863,0.15691507762960444,0.36,-0.08920943083587765,0.10264605243846472,0.96,-0.03596922713764315,0.07845753881480222,0.36,0.13010248814973147,0.1837095000601867,0.0,0.01977868339246265,0.07281603860487285,0.0,0.15651789170952932,0.06139673036694352,0.27949862616817855,0.20768320787202285,0.27949862616817855,0.5111048625689779,0.571146084694966,0.36978628149446474,0.64,0.96,0.64,0.0,0.0,0.0,
Feature Binning,1337,1274,0.2674,0.2548,,,0.0006081609362199149,0.10022438294689603,0.20800627943485087,0.10778189648795483,,0.7151772310517239,0.7230024122519961,0.007825181200272202,0.43035446210344785,0.44600482450399226,0.015650362400544404,0.34386670140568976,0.34556164332329786,0.001694941917608106,,211263093.54000002,213710054.94,0.27060859030393636,0.25810175012093367,-0.012506840183002688,0.23824643755063202,0.019911163051608078,0.7461517148859822,utilization,0.0006081609362199149,0.100845,"[{""feature"": ""bureau_score"", ""psi"": 0.40489175749553086}, {""feature"": ""dti"", ""psi"": 0.35736998179714774}, {""feature"": ""age"", ""psi"": 0.32422649851011964}, {""feature"": ""region"", ""psi"": 0.1985804024710782}, {""feature"": ""employment_type"", ""psi"": 0.13681793330185793}, {""feature"": ""utilization"", ""psi"": 0.007592051728057699}]",shap_age,0.5664617055636958,,utilization <= 33.895,,,True,0.25810175012093367,0.0,0.0,,0.3894930875576037,Stable,2.01689387399758,,,20,,,,utilization,numeric,-3.249229112451329,-2.5030773975653466,8.11886793036264,6.072138948487042,-2.0467289818755985,0.015506305160807778,0.04424186028257456,0.028735555121766784,265.0,-0.0826569817707046,0.14056248122487658,0.92,-0.09058973387280582,0.09691320367698825,0.84,-0.0413284908853523,0.07028124061243829,0.92,0.0809788192361117,0.1310995380834573,0.0,0.0008159601412051058,0.038764869249673276,0.04,0.10778189648795483,0.028735555121766784,0.3261641149405437,0.2269995049347897,0.3261641149405437,0.32008114455242265,0.2614587537309359,0.2921735266198471,0.96,0.9496774193548387,0.96,0.0,0.18285714285714286,0.0,
Gradient Boosting,241,1201,0.0482,0.2402,35.0,360.0,0.3083736746091511,0.14522821576763487,0.2997502081598668,0.15452199239223194,9.160512803862986e-07,0.7108183079056866,0.6838172149557405,-0.027001092949946015,0.4216366158113731,0.3676344299114811,-0.05400218589989203,0.322746185852982,0.27697516184436516,-0.04577102400861682,1.5478109076876968e-09,43356033.6,218291730.86,0.05553509104250949,0.2636351283879083,0.20810003734539884,0.13566295259275105,0.014311670196459153,0.44837109854184953,dti,0.30907340782974946,0.749609,"[{""feature"": ""dti"", ""psi"": 0.30907340782974946}, {""feature"": ""region"", ""psi"": 0.1859518204891331}, {""feature"": ""bureau_score"", ""psi"": 0.1584670662890898}, {""feature"": ""employment_type"", ""psi"": 0.07740142217325277}, {""feature"": ""age"", ""psi"": 0.05968595412972313}, {""feature"": ""utilization"", ""psi"": 0.023398044645558037}]",shap_dti,0.38897660399265577,7.0,bureau_score < 642.5 AND dti >= 42.43 AND age >= 49.5,5.060092786895745e-06,3.043153649013099e-09,True,0.0863,0.00171,0.001552,0.001552,1.0,Population Share: Significant Drift,14.9922,0.012971,"Population shift (Dev 4.8% -> Mon 24.0%, PSI 0.3084) | Gini drop 0.0540 (Dev 0.4216 -> Mon 0.3676) | Significant bad-rate shift (Dev 14.52% -> Mon 29.98%, p_adj=0.0000)",1,,,,,,,,,,,,,,,,,,,,,,,,,,,,,,,,,,,,,,,,,,,,1.0
Gradient Boosting,255,809,0.051,0.1618,54.0,371.0,0.12792251920652728,0.21176470588235294,0.45859085290482077,0.24682614702246783,2.2641888364205442e-12,0.7134696885940667,0.6680389912491229,-0.04543069734494376,0.42693937718813335,0.33607798249824583,-0.09086139468988752,0.38529574350469875,0.2535046585188741,-0.13179108498582465,3.322121457143526e-06,42066662.14,136001187.69,0.053883524801940995,0.16425125421061568,0.11036772940867468,0.20548848790831745,0.021145107734070145,0.6275809589743154,dti,0.4054852459598357,0.672274,"[{""feature"": ""dti"", ""psi"": 0.4054852459598357}, {""feature"": ""region"", ""psi"": 0.34265556169795086}, {""feature"": ""age"", ""psi"": 0.2747916781629973}, {""feature"": ""bureau_score"", ""psi"": 0.1508412204869211}, {""feature"": ""utilization"", ""psi"": 0.059157221142199665}, {""feature"": ""employment_type"", ""psi"": 0.0}]",shap_dti,0.4601524759280524,6.0,employment_type = SelfEmployed AND dti < 70.08 AND bureau_score < 648.5,4.377431750413052e-11,5.004754402969468e-06,True,0.0324,0.001207,0.000997,0.000997,1.0,Population Share: Moderate Drift,13.4455,0.014701,"Population shift (Dev 5.1% -> Mon 16.2%, PSI 0.1279) | Gini drop 0.0909 (Dev 0.4269 -> Mon 0.3361) | KS drop 0.1318 (Dev 0.3853 -> Mon 0.2535) | Significant bad-rate shift (Dev 21.18% -> Mon 45.86%, p_adj=0.0000)",2,,,,,,,,,,,,,,,,,,,,,,,,,,,,,,,,,,,,,,,,,,,,33.0
Gradient Boosting,490,1060,0.098,0.212,76.0,402.0,0.08796454274416421,0.15510204081632653,0.37924528301886795,0.22414324220254142,0.0,0.7120359776252225,0.6943474118767862,-0.017688565748436358,0.42407195525044505,0.38869482375357234,-0.035377131496872716,0.32971014492753625,0.3193379606526638,-0.010372184274872465,3.68473294668265e-15,78852381.75999999,178013068.45999998,0.10100264799038984,0.21498981190577562,0.11398716391538578,0.20552738125286585,0.020991452958541906,0.6915749473090812,dti,0.3110769927376668,0.497692,"[{""feature"": ""dti"", ""psi"": 0.3110769927376668}, {""feature"": ""age"", ""psi"": 0.30725547807415676}, {""feature"": ""bureau_score"", ""psi"": 0.3059028611185347}, {""feature"": ""region"", ""psi"": 0.2821777033032147}, {""feature"": ""utilization"", ""psi"": 0.02675125228362211}, {""feature"": ""employment_type"", ""psi"": 0.0}]",shap_age,0.4092514303775543,6.0,employment_type = SelfEmployed AND dti >= 19.06 AND bureau_score >= 528.5,0.0,1.4992546326458073e-14,True,0.0512,0.000806,0.000523,0.000523,1.0,Population Share: Stable,9.9538,0.0075,"Significant bad-rate shift (Dev 15.51% -> Mon 37.92%, p_adj=0.0000)",3,,,,,,,,,,,,,,,,,,,,,,,,,,,,,,,,,,,,,,,,,,,,39.0
Gradient Boosting,402,679,0.0804,0.1358,62.0,163.0,0.029038964757258,0.15422885572139303,0.24005891016200295,0.08583005444060993,0.0007808941857001539,0.7353415559772295,0.6944404812859657,-0.040901074691263806,0.470683111954459,0.3888809625719314,-0.08180214938252761,0.3975332068311196,0.3098872877728635,-0.08764591905825608,3.4163522021740897e-16,62480124.08,111002691.57,0.08003129186453277,0.13406008889190926,0.05402879702737649,0.18204400583618893,0.018375146054215908,0.03982863069750353,dti,0.33551038715623677,0.406933,"[{""feature"": ""dti"", ""psi"": 0.33551038715623677}, {""feature"": ""region"", ""psi"": 0.3163473575679275}, {""feature"": ""age"", ""psi"": 0.27649044775403947}, {""feature"": ""employment_type"", ""psi"": 0.13808008781446668}, {""feature"": ""utilization"", ""psi"": 0.025835754724462957}, {""feature"": ""bureau_score"", ""psi"": 0.0}]",shap_age,0.4267083195224724,4.0,dti < 70.08 AND bureau_score >= 637.5 AND bureau_score < 639.5,0.001811674510824357,1.5242186748161323e-15,True,0.0202,0.000745,0.000359,0.000359,1.0,Population Share: Stable,8.1387,0.011109,"Gini drop 0.0818 (Dev 0.4707 -> Mon 0.3889) | KS drop 0.0876 (Dev 0.3975 -> Mon 0.3099) | Significant bad-rate shift (Dev 15.42% -> Mon 24.01%, p_adj=0.0018) | Population share stable (low PSI) but the score no longer separates risk inside this segment -- concept drift, not exposure drift",4,,,,,,,,,,,,,,,,,,,,,,,,,,,,,,,,,,,,,,,,,,,,37.0
Gradient Boosting,666,1040,0.1332,0.208,109.0,257.0,0.03333733685530816,0.16366366366366367,0.24711538461538463,0.08345172095172096,4.19910180364802e-05,0.7579760512575561,0.7354855862168354,-0.02249046504072072,0.5159521025151121,0.4709711724336707,-0.04498093008144144,0.40656860968820513,0.35689829101877946,-0.04967031866942567,3.401792481464989e-11,101736062.47,167818278.05,0.13031453808029808,0.2026773671418835,0.07236282906158542,0.1344496050052181,0.01769736568299068,0.14903212051620085,bureau_score,0.31921505384845567,0.386507,"[{""feature"": ""bureau_score"", ""psi"": 0.31921505384845567}, {""feature"": ""age"", ""psi"": 0.31150032617855117}, {""feature"": ""dti"", ""psi"": 0.11264373001462746}, {""feature"": ""utilization"", ""psi"": 0.031767626528429196}, {""feature"": ""employment_type"", ""psi"": 0.03157089346124495}, {""feature"": ""region"", ""psi"": 0.0}]",shap_bureau_score,0.36100759255416326,7.0,region = East AND dti >= 42.35,0.00012818310769030798,8.769065063331973e-11,True,0.0455,0.000948,0.000387,0.000387,1.0,Population Share: Stable,7.7301,0.009356,"Significant bad-rate shift (Dev 16.37% -> Mon 24.71%, p_adj=0.0001)",5,,,,,,,,,,,,,,,,,,,,,,,,,,,,,,,,,,,,,,,,,,,,48.0
Gradient Boosting,226,672,0.0452,0.1344,42.0,245.0,0.09720332203957704,0.18584070796460178,0.3645833333333333,0.17874262536873153,6.204116380637004e-07,0.6881469979296067,0.7187401424269941,0.03059314449738748,0.3762939958592133,0.43748028485398827,0.06118628899477496,0.3302277432712216,0.34613583138173304,0.01590808811051142,2.0212258889116534e-09,35413214.78,107968557.84,0.04536107073492172,0.1303957071386323,0.08503463640371059,0.2597971041323583,0.028895545371540945,0.34094382271935975,bureau_score,0.5789818789043019,0.35,"[{""feature"": ""bureau_score"", ""psi"": 0.5789818789043019}, {""feature"": ""age"", ""psi"": 0.4751862030068831}, {""feature"": ""region"", ""psi"": 0.16658702481997478}, {""feature"": ""dti"", ""psi"": 0.15527535249317964}, {""feature"": ""employment_type"", ""psi"": 0.13561081294977578}, {""feature"": ""utilization"", ""psi"": 0.0471413526200348}]",shap_bureau_score,0.6460216261749827,6.0,dti >= 64.92,3.787776316599434e-06,3.907703385229197e-09,True,0.0192,0.0,0.0,0.0,1.0,Population Share: Stable,7.0,0.008223,"Significant bad-rate shift (Dev 18.58% -> Mon 36.46%, p_adj=0.0000) | Population share stable (low PSI) but the score no longer separates risk inside this segment -- concept drift, not exposure drift",6,,,,,,,,,,,,,,,,,,,,,,,,,,,,,,,,,,,,,,,,,,,,28.0
Gradient Boosting,302,781,0.0604,0.1562,49.0,239.0,0.0910241910901294,0.16225165562913907,0.3060179257362356,0.14376627010709653,1.5710380554256886e-06,0.7183189481326128,0.706568728867205,-0.011750219265407758,0.43663789626522553,0.41313745773441,-0.023500438530815515,0.38033395176252316,0.3303046210378422,-0.050029330724680965,1.0456208496573503e-19,51694176.99,134682396.85999998,0.06621548576130011,0.16265852512090576,0.09644303935960565,0.17981528673074887,0.02113145179525881,0.17467227594118073,dti,0.3726409561387594,0.30102,"[{""feature"": ""dti"", ""psi"": 0.3726409561387594}, {""feature"": ""bureau_score"", ""psi"": 0.36850933945012854}, {""feature"": ""employment_type"", ""psi"": 0.20266187368740948}, {""feature"": ""age"", ""psi"": 0.10974776043843669}, {""feature"": ""utilization"", ""psi"": 0.02533179066975895}, {""feature"": ""region"", ""psi"": 0.0}]",shap_region,0.5356279200324512,11.0,region = West AND age >= 39.5 AND utilization < 52,7.593350601224162e-06,8.663715611446616e-19,True,0.0283,0.000299,0.000216,0.000216,1.0,Population Share: Stable,6.0204,0.003671,"KS drop 0.0500 (Dev 0.3803 -> Mon 0.3303) | Significant bad-rate shift (Dev 16.23% -> Mon 30.60%, p_adj=0.0000)",7,,,,,,,,,,,,,,,,,,,,,,,,,,,,,,,,,,,,,,,,,,,,34.0
Gradient Boosting,1218,632,0.2436,0.1264,162.0,106.0,0.07689211354321382,0.1330049261083744,0.16772151898734178,0.03471659287896739,0.04421674757409888,0.7765414562289561,0.7297689934715547,-0.046772462757401434,0.5530829124579122,0.4595379869431093,-0.09354492551480287,0.4429713804713805,0.364014635196212,-0.0789567452751685,3.748136581614518e-15,190692229.78,110062681.57,0.2442592059881474,0.13292482070717507,-0.11133438528097234,0.15682206316159808,0.01437265299688914,-0.11897677103560922,bureau_score,0.3852729123585255,0.289058,"[{""feature"": ""bureau_score"", ""psi"": 0.3852729123585255}, {""feature"": ""age"", ""psi"": 0.2632485489329831}, {""feature"": ""dti"", ""psi"": 0.2434586818989411}, {""feature"": ""employment_type"", ""psi"": 0.03251815960437224}, {""feature"": ""utilization"", ""psi"": 0.016434076174766568}, {""feature"": ""region"", ""psi"": 0.0}]",shap_age,0.5540807438105914,5.0,region = North AND age >= 28.5 AND dti < 56.82,0.05699047465106078,1.4992546326458073e-14,True,0.0197,0.000786,0.0,0.000843,1.0,Population Share: Stable,5.7812,0.011824,"Gini drop 0.0935 (Dev 0.5531 -> Mon 0.4595) | KS drop 0.0790 (Dev 0.4430 -> Mon 0.3640) | Population share stable (low PSI) but the score no longer separates risk inside this segment -- concept drift, not exposure drift",8,,,,,,,,,,,,,,,,,,,,,,,,,,,,,,,,,,,,,,,,,,,,24.0
Gradient Boosting,221,315,0.0442,0.063,46.0,62.0,0.0066629068213881456,0.2081447963800905,0.19682539682539682,-0.011319399554693688,0.7477515940164188,0.6967701863354037,0.7249139359938799,0.028143749658476214,0.3935403726708073,0.44982787198775975,0.05628749931695243,0.3527950310559006,0.38416422287390034,0.03136919181799974,1.576780664181797e-08,37978159.39,56498090.29,0.04864652885015263,0.06823383198527351,0.01958730313512088,0.24833777035349927,0.020966915655150947,-0.48483156599206056,bureau_score,0.5424407076505164,0.28863,"[{""feature"": ""bureau_score"", ""psi"": 0.5424407076505164}, {""feature"": ""age"", ""psi"": 0.5304810205966944}, {""feature"": ""dti"", ""psi"": 0.3652021406089804}, {""feature"": ""utilization"", ""psi"": 0.05190275326480423}, {""feature"": ""region"", ""psi"": 0.0}, {""feature"": ""employment_type"", ""psi"": 0.0}]",shap_age,0.7681013972201702,7.0,region = West AND employment_type = Business AND dti < 70.08,0.7676034062469432,2.8139470314628994e-08,True,0.0043,0.0,0.0,0.0,1.0,Population Share: Stable,5.7726,0.003546,"Population share stable (low PSI) but the score no longer separates risk inside this segment -- concept drift, not exposure drift",9,,,,,,,,,,,,,,,,,,,,,,,,,,,,,,,,,,,,,,,,,,,,42.0
Gradient Boosting,251,263,0.0502,0.0526,44.0,108.0,0.00011208262331035346,0.1752988047808765,0.41064638783269963,0.23534758305182313,5.088073962156159e-09,0.7121212121212122,0.7413381123058542,0.02921690018464207,0.4242424242424243,0.48267622461170845,0.05843380036928414,0.3482652613087396,0.3872759856630824,0.03901072435434283,2.8655697518909434e-13,36261231.980000004,37269253.45,0.04644730276532623,0.04501079532194353,-0.0014365074433827021,0.21137613451274864,0.026231853826771498,0.38704261950775953,bureau_score,0.4585709461292226,0.269911,"[{""feature"": ""bureau_score"", ""psi"": 0.4585709461292226}, {""feature"": ""dti"", ""psi"": 0.43768455419762725}, {""feature"": ""employment_type"", ""psi"": 0.18332866245278415}, {""feature"": ""age"", ""psi"": 0.11071600413528307}, {""feature"": ""utilization"", ""psi"": 0.07795664016157472}, {""feature"": ""region"", ""psi"": 0.0}]",shap_employment_type,0.6595482124846974,9.0,region = West AND age < 39.5,4.540127535462419e-08,9.303488279922224e-13,True,0.0024,0.0,0.0,0.0,1.0,Population Share: Stable,5.3982,0.003074,"Significant bad-rate shift (Dev 17.53% -> Mon 41.06%, p_adj=0.0000) | Population share stable (low PSI) but the score no longer separates risk inside this segment -- concept drift, not exposure drift",10,,,,,,,,,,,,,,,,,,,,,,,,,,,,,,,,,,,,,,,,,,,,6.0
