Feature,Segment_Definition,Bin_Type,Dev_Count,Mon_Count,Dev_Pct,Mon_Pct,PSI,PSI_Interpretation,Dev_AUC,Mon_AUC,Delta_AUC,Dev_Gini,Mon_Gini,Delta_Gini,Dev_KS,Mon_KS,Delta_KS,Dev_BR,Mon_BR,Delta_BR,Dev_Calibration_Intercept,Mon_Calibration_Intercept,Calibration_Drift,Dev_Calibration_Slope,Mon_Calibration_Slope,Delta_Calibration_Slope,Dev_ECE,Mon_ECE,Delta_ECE,Dev_EAD,Mon_EAD,Mon_Exposure_Pct,Dev_Exposure_Pct,Exposure_Drift,Top_SHAP_Feature,Top_SHAP_PSI,feature_drift_details,mean_feature_psi,mean_shap_shift,Mon_Default_Count,gini_ci_low,gini_ci_high,gini_p,ks_ci_low,ks_ci_high,ks_p,auc_ci_low,auc_ci_high,auc_p,br_ci_low,br_ci_high,br_p,ece_ci_low,ece_ci_high,ece_p,abs_delta_br,abs_delta_ece,gini_score,ks_score,auc_score,br_score,ece_score,Deterioration_Score,gini_p_adj,ks_p_adj,auc_p_adj,br_p_adj,ece_p_adj,min_p_adj,Confidence_Score,Statistically_Significant,SIS_Raw,DIS_Raw,Business_Impact_Score,Severity_Score,Rank,Root_Cause_Feature,Root_Cause_PSI,Root_Cause_Score,Technique
employment_type,employment_type = SelfEmployed,categorical,573,1198,0.1146,0.2396,0.09219038274508189,Stable,0.7306894350462815,0.7092023560817085,-0.021487078964573025,0.46137887009256295,0.4184047121634169,-0.04297415792914605,0.3750398978614747,0.33017061281337046,-0.044869285048104224,0.15881326352530542,0.4006677796327212,0.2418545161074158,-2.7628125635658747,-1.7035520091996024,1.0592605543662723,5.284552036323253,4.7830048607858,-0.5015471755374534,0.028501151832460735,0.13512696160267113,0.10662580977021038,93380907.42,201252537.76,0.2430565666492327,0.11961235298982355,0.12344421365940915,shap_region,0.4646090164027026,"[{""feature"": ""dti"", ""psi"": 0.4434542757491564}, {""feature"": ""bureau_score"", ""psi"": 0.37014917617807164}, {""feature"": ""region"", ""psi"": 0.3130111688095523}, {""feature"": ""age"", ""psi"": 0.30724672072722553}, {""feature"": ""utilization"", ""psi"": 0.019846816043988098}, {""feature"": ""employment_type"", ""psi"": 0.0}]",0.24228469291799903,0.025518119009673868,480,-0.1584457472422033,0.07728725303785415,0.36,-0.14659745733901847,0.032634749817320625,0.32,-0.07922287362110166,0.038643626518927075,0.36,0.20397492038796483,0.28513319901989065,0.0,0.05918420850049676,0.12038081559252328,0.0,0.2418545161074158,0.10662580977021038,0.3900285344581471,0.28272377245440816,0.3900285344581471,0.8455869881797066,1.0,0.5816735659100818,0.64,0.7410526315789474,0.64,0.0,0.0,0.0,0.5957894736842105,True,0.0012513291234518367,0.0008109907219671922,0.2430565666492327,15.64024973295117,1,employment_type,0.09219038274508189,0.782012,Feature Binning
bureau_score,bureau_score is Missing,missing,356,672,0.0712,0.1344,0.040152704931214714,Stable,0.7526367427029679,0.6975158593703682,-0.05512088333259968,0.5052734854059358,0.3950317187407364,-0.11024176666519936,0.4320578857002698,0.32968518408727104,-0.10237270161299877,0.15168539325842698,0.24851190476190477,0.09682651150347779,-2.7756545151265057,-2.166521954044998,0.6091325610815077,6.688702808111441,4.545654131373377,-2.143048676738064,0.03296637640449438,0.03783071428571429,0.004864337881219906,56518162.22,109785382.11,0.13258992080761872,0.07239456711840495,0.060195353689213776,shap_bureau_score,0.4910322512371732,"[{""feature"": ""region"", ""psi"": 0.4197924901949741}, {""feature"": ""dti"", ""psi"": 0.3746716783083376}, {""feature"": ""age"", ""psi"": 0.27095639204567906}, {""feature"": ""employment_type"", ""psi"": 0.1435228700932078}, {""feature"": ""utilization"", ""psi"": 0.02754043030084033}]",0.24729677218860782,0.02110117375601926,167,-0.27039575725224707,0.025701299232097456,0.16,-0.2626445468820583,0.03520809550082616,0.2,-0.13519787862612354,0.012850649616048728,0.16,0.055958651016586404,0.1413034209470305,0.0,-0.03594332935393259,0.027133580745886832,0.76,0.09682651150347779,0.004864337881219906,0.4633085674563804,0.3515391695255066,0.4633085674563804,0.27714084216354007,0.035116207922538785,0.3180826709048693,0.4266666666666667,0.7410526315789474,0.4266666666666667,0.0,0.8685714285714285,0.0,0.5074085213032582,True,0.0009822588459150274,0.0005761208020780841,0.13258992080761872,11.953723105360197,2,bureau_score,0.040152704931214714,0.597686,Feature Binning
dti,61.885 < dti <= 63.465,numeric,64,128,0.0128,0.0256,0.0088722839111673,Stable,0.9830508474576272,0.6816012725344645,-0.3014495749231627,0.9661016949152543,0.3632025450689289,-0.6028991498463254,0.9830508474576272,0.3388123011664899,-0.6442385462911373,0.078125,0.359375,0.28125,-9.50929170579415,-1.9771924319792509,7.532099273814898,20.37495236729607,4.752502559953294,-15.622449807342777,0.19086937499999998,0.09477296874999999,-0.09609640624999999,9947966.95,22262794.75,0.026887206075406078,0.01274243062345365,0.014144775451952427,shap_bureau_score,0.9261431947964385,"[{""feature"": ""age"", ""psi"": 2.6487218679339533}, {""feature"": ""bureau_score"", ""psi"": 0.7454704102931978}, {""feature"": ""utilization"", ""psi"": 0.10937939777651784}, {""feature"": ""employment_type"", ""psi"": 0.0894839946785979}, {""feature"": ""dti"", ""psi"": 0.08566026587802439}, {""feature"": ""region"", ""psi"": 0.06559457182596487}]",0.6240517513977093,0.024642317708333333,46,-0.8269529813501443,-0.4643745727956255,0.0,-0.74228257242871,-0.5058420043811611,0.0,-0.41347649067507214,-0.23218728639781275,0.0,0.1736328125,0.39140624999999996,0.0,-0.122511052734375,0.019325121093750005,0.24,0.28125,0.09609640624999999,1.0,1.0,1.0,1.0,0.9001621084256983,0.9800324216851397,0.0,0.0,0.0,0.0,0.5907692307692307,0.0,0.8818461538461537,True,0.00020749150316294758,0.0001684884695559642,0.026887206075406078,7.161196996414333,3,dti,0.0088722839111673,0.35806,Feature Binning
utilization,34.61 < utilization <= 35.455,numeric,52,63,0.0104,0.0126,0.0004221602171822321,Stable,0.74,0.6847222222222222,-0.05527777777777776,0.48,0.36944444444444446,-0.11055555555555552,0.62,0.32499999999999996,-0.29500000000000004,0.038461538461538464,0.23809523809523808,0.19963369963369962,-3.9304669025164194,-2.5159121174479675,1.414554785068452,5.036530657672279,7.034507778080116,1.9979771204078371,0.09650249999999999,0.11638936507936505,0.01988686507936506,8793141.940000001,10852583.52,0.01310687417413287,0.011263206009407849,0.0018436681647250215,shap_employment_type,0.7592180060742193,"[{""feature"": ""dti"", ""psi"": 3.339054920415406}, {""feature"": ""age"", ""psi"": 0.525464773678757}, {""feature"": ""employment_type"", ""psi"": 0.47068162328333263}, {""feature"": ""bureau_score"", ""psi"": 0.46012890784264554}, {""feature"": ""region"", ""psi"": 0.22694993951133666}, {""feature"": ""utilization"", ""psi"": 0.13729130204910125}]",0.8599285777967632,0.015939687627187626,15,-0.5665147927125764,0.28357322574762606,0.8095238095238095,-0.5825710429099177,0.023435049019607947,0.09523809523809523,-0.2832573963562882,0.14178661287381303,0.8095238095238095,0.10179334554334553,0.2857142857142857,0.0,-0.03533675007631258,0.1027789393315018,0.44,0.19963369963369962,0.01988686507936506,0.4636504030095068,0.5820598032042885,0.4636504030095068,0.680099912275415,0.17755708206147996,0.4734035207120394,0.9268965517241379,0.7410526315789474,0.9268965517241379,0.0,0.7410526315789474,0.0,0.3328203266787659,True,7.245869795329158e-06,2.9646174057922637e-06,0.01310687417413287,5.248991058893279,4,utilization,0.0004221602171822321,0.26245,Feature Binning
dti,53.38 < dti <= 61.885,numeric,492,804,0.0984,0.1608,0.03064592248764747,Stable,0.7399779040404041,0.7260583435960591,-0.013919560444344947,0.4799558080808082,0.4521166871921183,-0.027839120888689894,0.36616161616161613,0.360929802955665,-0.005231813205951119,0.1951219512195122,0.27860696517412936,0.08348501395461716,-2.5848896513459927,-2.367834984238697,0.2170546671072957,5.664819902554704,5.492364910722885,-0.17245499183181945,0.034785467479674786,0.04785955223880597,0.013074084759131181,74964481.62,137762502.89999998,0.16637842851855006,0.09602260553006928,0.07035582298848078,shap_age,0.5314911454330983,"[{""feature"": ""bureau_score"", ""psi"": 0.40412930509775274}, {""feature"": ""age"", ""psi"": 0.3538792848955222}, {""feature"": ""region"", ""psi"": 0.2067500210760858}, {""feature"": ""employment_type"", ""psi"": 0.14827043396085107}, {""feature"": ""dti"", ""psi"": 0.06216625756912671}, {""feature"": ""utilization"", ""psi"": 0.029811630446881995}]",0.20083448884103675,0.02032076861626825,224,-0.16236654202719433,0.09339021731375384,0.52,-0.1536054686918859,0.07094077693569589,0.72,-0.08118327101359717,0.04669510865687692,0.52,0.03184231282611333,0.11867415968935804,0.0,-0.0246897846211018,0.023504591690935533,0.92,0.08348501395461716,0.013074084759131181,0.37354071759362895,0.23528888029223577,0.37354071759362895,0.2248480254455196,0.11295953656657098,0.26403557549831685,0.7563636363636363,0.9216,0.7563636363636363,0.0,0.92,0.0,0.32913454545454546,True,0.0003723990664577725,0.00017353627922361432,0.16637842851855006,5.211510228102387,5,dti,0.03064592248764747,0.260576,Feature Binning
region,region = North,categorical,1500,928,0.3,0.1856,0.05493358205238913,Stable,0.7557954964931709,0.740396884142258,-0.015398612350912888,0.5115909929863418,0.48079376828451603,-0.030797224701825776,0.39878183831672204,0.373620950971062,-0.02516088734566002,0.14,0.20797413793103448,0.06797413793103446,-2.940265723150131,-2.7110437850226896,0.2292219381274414,6.822769444016098,6.038498710762747,-0.7842707332533507,0.024317279999999997,0.02124153017241379,-0.003075749827586207,230620883.63,158260753.65000004,0.1911345608141415,0.29540413883008054,-0.10426957801593903,shap_age,0.61138055148902,"[{""feature"": ""dti"", ""psi"": 0.4168343931453937}, {""feature"": ""bureau_score"", ""psi"": 0.3625732083950187}, {""feature"": ""age"", ""psi"": 0.30487181906932626}, {""feature"": ""employment_type"", ""psi"": 0.03307466766493966}, {""feature"": ""utilization"", ""psi"": 0.004867369441085365}, {""feature"": ""region"", ""psi"": 0.0}]",0.18703690961929395,0.01799894109195402,193,-0.1270702314240018,0.06948870791764701,0.64,-0.11383050345680515,0.07926552120265141,0.76,-0.0635351157120009,0.034744353958823505,0.64,0.03500790229885057,0.10165775862068964,0.0,-0.009900577655890806,0.028221923903017247,0.52,0.06797413793103446,0.003075749827586207,0.37676321872176277,0.2591383701505597,0.37676321872176277,0.16405219693626674,0.01815714088450354,0.23897482908297113,0.8533333333333334,0.9353846153846154,0.8533333333333334,0.0,0.7563636363636363,0.0,0.32031701631701626,True,0.0005462592208405091,0.0,0.1911345608141415,4.5719692949190485,6,region,0.05493358205238913,0.228598,Feature Binning
age,38.5 < age <= 46.5,numeric,1404,1160,0.2808,0.232,0.009316178663684881,Stable,0.7333821709506266,0.7217822908980105,-0.01159988005261614,0.46676434190125327,0.443564581796021,-0.02319976010523228,0.3709833430534416,0.340932703356572,-0.030050639696869608,0.17236467236467237,0.2818965517241379,0.10953187935946554,-2.6093612053571182,-2.28288530473155,0.3264759006255682,6.226224619803407,5.2432235476864015,-0.9830010721170055,0.034033497150997155,0.04696386206896552,0.012930364917968368,215922421.46,171800524.56,0.20748680296338728,0.27657676079253257,-0.06908995782914529,shap_dti,0.38555463458281974,"[{""feature"": ""dti"", ""psi"": 0.35308575109346074}, {""feature"": ""bureau_score"", ""psi"": 0.3334463722379144}, {""feature"": ""region"", ""psi"": 0.24075204250452187}, {""feature"": ""employment_type"", ""psi"": 0.085487826327261}, {""feature"": ""age"", ""psi"": 0.024934635272011965}, {""feature"": ""utilization"", ""psi"": 0.006438947210667629}]",0.1740242624409729,0.017352090455840453,327,-0.10361578413226398,0.038249386712048784,0.48,-0.09572344034117718,0.03193410043862618,0.44,-0.05180789206613199,0.019124693356024392,0.48,0.0778801331172021,0.13441073533745945,0.0,-0.015494904393236083,0.02837996518444838,0.56,0.10953187935946554,0.012930364917968368,0.3684866876126246,0.26499002679513634,0.3684866876126246,0.3269403095917626,0.11159681113853058,0.28810010455013574,0.7563636363636363,0.7410526315789474,0.7563636363636363,0.0,0.7791304347826088,0.0,0.39341793218223425,True,0.0005583827102352533,0.0,0.20748680296338728,4.4953282571447115,7,age,0.009316178663684881,0.224766,Feature Binning
utilization,78.975 < utilization <= 82.135,numeric,102,87,0.0204,0.0174,0.000477194083889063,Stable,0.5436081242532855,0.7011349306431274,0.15752680638984184,0.08721624850657106,0.40226986128625475,0.3150536127796837,0.2222222222222222,0.36948297604035313,0.14726075381813092,0.08823529411764706,0.2988505747126437,0.21061528059499662,-2.326772445463831,-2.0228232232648917,0.3039492221989395,-0.04721121247029214,3.7964636071299567,3.843674819600249,0.14546843137254903,0.09522609195402298,-0.050242339418526044,16264665.309999999,14740416.220000003,0.017802284618574152,0.020833540196509022,-0.00303125557793487,shap_bureau_score,3.4935908986100666,"[{""feature"": ""bureau_score"", ""psi"": 0.9047188467695593}, {""feature"": ""age"", ""psi"": 0.6425189595839873}, {""feature"": ""dti"", ""psi"": 0.46078733856585263}, {""feature"": ""region"", ""psi"": 0.29724342983400703}, {""feature"": ""utilization"", ""psi"": 0.1561369985052382}, {""feature"": ""employment_type"", ""psi"": 0.12339069046434777}]",0.4307993772871653,0.028393633085418077,26,-0.1710171454497696,0.6952704107927531,0.16,-0.19935021681395168,0.3465987242767909,0.28,-0.0855085727248848,0.34763520539637655,0.16,0.11904158215010141,0.3193458417849898,0.0,-0.07575855780933062,0.0402461775693036,0.76,0.21061528059499662,0.050242339418526044,0.0,0.052798218397204735,0.0,0.7231428913997675,0.4653821758517019,0.24826465712973483,0.4266666666666667,0.7410526315789474,0.4266666666666667,0.0,0.8685714285714285,0.0,0.5074085213032582,True,0.0,0.0,0.017802284618574152,4.03797036173501,8,utilization,0.000477194083889063,0.201899,Feature Binning
utilization,utilization > 84.205,numeric,251,264,0.0502,0.0528,0.0001312900264377837,Stable,0.6897435897435897,0.729340024137712,0.039596434394122304,0.37948717948717947,0.4586800482754241,0.07919286878824461,0.3526556776556776,0.3679730673950327,0.015317389739355092,0.22310756972111553,0.3446969696969697,0.12158939997585419,-2.2319156473603927,-2.365370090234042,-0.13345444287364927,4.6353162123482825,5.288358918832943,0.6530427064846602,0.10394669322709163,0.054152575757575754,-0.049794117469515876,40747852.44,43663355.89,0.05273307601051417,0.05219425088373726,0.0005388251267769081,shap_dti,0.7045398464439435,"[{""feature"": ""dti"", ""psi"": 0.6740371146845653}, {""feature"": ""bureau_score"", ""psi"": 0.6079899159014337}, {""feature"": ""age"", ""psi"": 0.27672956627722195}, {""feature"": ""region"", ""psi"": 0.21520083884441343}, {""feature"": ""employment_type"", ""psi"": 0.11558809920748425}, {""feature"": ""utilization"", ""psi"": 0.026558879455627606}]",0.3193507357284577,0.032886309811260006,91,-0.06769968410223644,0.2933658971894342,0.36,-0.11589252754752379,0.16964573768899488,0.92,-0.03384984205111822,0.1466829485947171,0.36,0.050793417240130395,0.19703157068694915,0.0,-0.07567905731618979,0.03808142786807315,0.28,0.12158939997585419,0.049794117469515876,0.2569421364523232,0.2106972708775157,0.2569421364523232,0.37420050008817446,0.4611322167480731,0.31198285212368193,0.64,0.9496774193548387,0.64,0.0,0.64,0.0,0.4260645161290323,True,0.0,0.0,0.05273307601051417,3.874330419254531,9,utilization,0.0001312900264377837,0.193717,Feature Binning
dti,63.465 < dti <= 65.435,numeric,63,138,0.0126,0.0276,0.011761784381485079,Stable,0.671840354767184,0.7675450762829403,0.09570472151575637,0.3436807095343679,0.5350901525658807,0.19140944303151275,0.3082039911308204,0.4995839112343967,0.1913799201035763,0.3492063492063492,0.2536231884057971,-0.09558316080055207,-1.6355792723567784,-3.1215494914414066,-1.4859702190846282,4.544704071691657,6.427576499179393,1.8828724274877358,0.16438396825396825,0.10030478260869566,-0.0640791856452726,10964105.6,21028695.89,0.025396761109315567,0.014044010767066297,0.01135275034224927,shap_age,2.8290588000905754,"[{""feature"": ""bureau_score"", ""psi"": 0.7906445437894466}, {""feature"": ""age"", ""psi"": 0.41682715847180807}, {""feature"": ""employment_type"", ""psi"": 0.38572705125974804}, {""feature"": ""region"", ""psi"": 0.3553924210660493}, {""feature"": ""utilization"", ""psi"": 0.26792497309242935}, {""feature"": ""dti"", ""psi"": 0.20417263735779873}]",0.4034481308395467,0.025997780078214867,35,-0.23655772532585193,0.5911306090556447,0.52,-0.14201070821669212,0.40105120589454396,0.4,-0.11827886266292596,0.29556530452782237,0.52,-0.1945220841959972,0.045376121463077956,0.16,-0.15606641131815033,0.01017092624223601,0.08,0.09558316080055207,0.0640791856452726,0.13469556907749713,0.0,0.13469556907749713,0.272267452936716,0.5965806383918291,0.22764784589670786,0.7563636363636363,0.7410526315789474,0.7563636363636363,0.16516129032258065,0.256,0.16516129032258065,0.46501176107423986,False,0.0,0.0,0.025396761109315567,3.6234402294813517,10,dti,0.011761784381485079,0.181172,Feature Binning
dti,dti > 65.435,numeric,216,637,0.0432,0.1274,0.09106156307216949,Stable,0.6969248965109404,0.7153294733939896,0.018404576883049195,0.3938497930218807,0.4306589467879791,0.03680915376609839,0.35984624482554706,0.33457402812241527,-0.02527221670313179,0.17592592592592593,0.3673469387755102,0.1914210128495843,-2.825911022415173,-2.035623710348806,0.7902873120663667,5.251192253525695,4.7202553354597345,-0.5309369180659607,0.0842998148148148,0.06360031397174254,-0.02069950084307226,33541492.549999997,102801829.16999999,0.12415574939541144,0.04296356672409959,0.08119218267131184,shap_bureau_score,0.6218889412527524,"[{""feature"": ""bureau_score"", ""psi"": 0.5616715259311202}, {""feature"": ""age"", ""psi"": 0.49709181985031897}, {""feature"": ""region"", ""psi"": 0.18220312403843006}, {""feature"": ""dti"", ""psi"": 0.1624281780956856}, {""feature"": ""employment_type"", ""psi"": 0.13311422127954856}, {""feature"": ""utilization"", ""psi"": 0.040501738912187626}]",0.2628351013512152,0.02905844210903735,234,-0.11551374389485487,0.23920266921091474,0.64,-0.18067661974279933,0.1290101082465937,0.56,-0.057756871947427436,0.11960133460545737,0.64,0.13636893860108146,0.25655270655270657,0.0,-0.04608969467701613,0.03493479782981569,0.68,0.1914210128495843,0.02069950084307226,0.3031141365244164,0.2592716000418905,0.3031141365244164,0.6479097834543122,0.185262346762436,0.3397344006614943,0.8533333333333334,0.8533333333333334,0.8533333333333334,0.0,0.836923076923077,0.0,0.32061538461538464,True,0.0,0.0,0.12415574939541144,3.137927768120673,11,dti,0.09106156307216949,0.156896,Feature Binning
utilization,70.255 < utilization <= 78.975,numeric,377,386,0.0754,0.0772,4.246592763027658e-05,Stable,0.6785871964679911,0.7399678972712681,0.061380700803276955,0.3571743929359823,0.4799357945425362,0.12276140160655391,0.27584988962472407,0.4004028577723224,0.12455296814759831,0.1989389920424403,0.3082901554404145,0.10935116339797418,-2.2553490494962833,-2.4079302932392133,-0.15258124374292992,4.395623807362941,5.498043240554033,1.1024194331910921,0.061180371352785146,0.05669339378238343,-0.004486977570401715,57723323.82,61453735.24,0.07421885985367244,0.0739382682741522,0.00028059157952023406,shap_age,0.5201173228469684,"[{""feature"": ""bureau_score"", ""psi"": 0.41895322931766443}, {""feature"": ""dti"", ""psi"": 0.3724792294428087}, {""feature"": ""age"", ""psi"": 0.3380869566501862}, {""feature"": ""region"", ""psi"": 0.2395696330694131}, {""feature"": ""employment_type"", ""psi"": 0.10935575760710667}, {""feature"": ""utilization"", ""psi"": 0.04497145645429481}]",0.253902710423579,0.02716629856653977,119,-0.023744975054619463,0.3234314895402233,0.08,-0.032217602043194814,0.26042784784867773,0.2,-0.011872487527309732,0.16171574477011166,0.08,0.04440342353733458,0.14667661934277978,0.0,-0.03993847652760405,0.044844598306441615,0.64,0.10935116339797418,0.004486977570401715,0.20947941876991025,0.07997304349232935,0.20947941876991025,0.3262319823130835,0.03153814600064575,0.17134040186917582,0.3657142857142857,0.7410526315789474,0.3657142857142857,0.0,0.8192,0.0,0.5416637593984963,True,0.0,0.0,0.07421885985367244,2.8837995950109327,12,utilization,4.246592763027658e-05,0.14419,Feature Binning
age,35.5 < age <= 38.5,numeric,426,266,0.0852,0.0532,0.015070177199605482,Stable,0.696120382256454,0.7434893405432282,0.04736895828677423,0.392240764512908,0.4869786810864565,0.09473791657354846,0.28840393667094566,0.3663372490521475,0.07793331238120182,0.13380281690140844,0.34962406015037595,0.2158212432489675,-2.830701667875044,-2.5746396694956792,0.25606199837936483,5.205529009417397,6.312086816876977,1.1065578074595797,0.04773037558685446,0.08973383458646614,0.04200345899961168,61031039.7,41148088.82,0.049695339517625156,0.078175148064248,-0.02847980854662284,shap_age,0.931786811242906,"[{""feature"": ""bureau_score"", ""psi"": 0.6667290331660742}, {""feature"": ""dti"", ""psi"": 0.4430470520074666}, {""feature"": ""region"", ""psi"": 0.16539924061876377}, {""feature"": ""employment_type"", ""psi"": 0.0891909624031156}, {""feature"": ""utilization"", ""psi"": 0.032688863206694625}, {""feature"": ""age"", ""psi"": 0.014100108254686185}]",0.23519254327613348,0.02610266629013849,93,-0.056429448955729385,0.2210680161089845,0.16,-0.07329782188751412,0.1749617415511047,0.4,-0.028214724477864692,0.11053400805449225,0.16,0.1456881640721522,0.29726384623530655,0.0,-0.005431556280666433,0.08995272187511032,0.08,0.2158212432489675,0.04200345899961168,0.24000766180590047,0.1357636436780069,0.24000766180590047,0.7435479808515291,0.3872626082638151,0.3493179112810304,0.4266666666666667,0.7410526315789474,0.4266666666666667,0.0,0.256,0.0,0.6299228070175438,True,0.0,0.0,0.049695339517625156,2.6617953119366233,13,age,0.015070177199605482,0.13309,Feature Binning
bureau_score,bureau_score <= 530.5,numeric,138,477,0.0276,0.0954,0.08408981822857105,Stable,0.5829741379310345,0.6763509945432142,0.09337685661217976,0.16594827586206895,0.35270198908642847,0.18675371322435952,0.21594827586206894,0.31328991374757964,0.0973416378855107,0.42028985507246375,0.5178197064989518,0.09752985142648807,-0.9015832706292933,-1.9953760202245192,-1.093792749595226,1.3956254047160022,4.604926908504236,3.209301503788234,0.107615,0.06707639412997904,-0.04053860587002096,21619859.64,75589630.47,0.09129105282752896,0.027693051548739377,0.06359800127878959,shap_dti,0.7164213671039737,"[{""feature"": ""dti"", ""psi"": 0.6588093278389995}, {""feature"": ""age"", ""psi"": 0.4946327184496616}, {""feature"": ""region"", ""psi"": 0.24956656081601114}, {""feature"": ""bureau_score"", ""psi"": 0.1301149480054997}, {""feature"": ""employment_type"", ""psi"": 0.09810991604508847}, {""feature"": ""utilization"", ""psi"": 0.047844293931728996}]",0.27984629418116486,0.02342046911554704,247,0.0009392362641322894,0.3967807129114866,0.08,-0.07603515465890896,0.21885079811958294,0.4,0.0004696181320661447,0.1983903564557433,0.08,0.00993984140005469,0.21052091878589005,0.04,-0.14290235858171546,-0.01024982986965633,0.0,0.09752985142648807,0.04053860587002096,0.1397674311565811,0.11253734329710896,0.1397674311565811,0.27989762606652735,0.37337313697100705,0.2090685937295611,0.3657142857142857,0.7410526315789474,0.3657142857142857,0.047407407407407405,0.0,0.0,0.6960222779170148,True,0.0,0.0,0.09129105282752896,2.6329625412346633,14,bureau_score,0.08408981822857105,0.131648,Feature Binning
age,25.5 < age <= 35.5,numeric,870,402,0.174,0.0804,0.07226304911557133,Stable,0.6963428593414839,0.6933641975308642,-0.002978661810619676,0.39268571868296775,0.3867283950617284,-0.005957323621239352,0.3154067390656112,0.31885521885521884,0.0034484797896076613,0.16436781609195403,0.3283582089552239,0.16399039286326986,-2.796014047694047,-1.9640948712757138,0.8319191764183331,6.016876083693004,4.108473371558293,-1.9084027121347118,0.023318528735632175,0.06416771144278606,0.04084918270715389,117733982.54,55455367.620000005,0.06697451573039102,0.15080640216027794,-0.08383188642988691,shap_age,0.5522961946498979,"[{""feature"": ""bureau_score"", ""psi"": 0.46564984852427194}, {""feature"": ""dti"", ""psi"": 0.4124368271698958}, {""feature"": ""region"", ""psi"": 0.1602500853410021}, {""feature"": ""employment_type"", ""psi"": 0.1564477108231093}, {""feature"": ""age"", ""psi"": 0.03905137141569233}, {""feature"": ""utilization"", ""psi"": 0.011444575660503963}]",0.20754673648907926,0.024316329273174356,132,-0.21803712528162292,0.1399983804924697,0.68,-0.1212169266123849,0.11952027833299006,0.88,-0.10901856264081146,0.06999919024623485,0.68,0.11617472979927948,0.20025047177903582,0.0,0.01112845457625664,0.06541373585091778,0.0,0.16399039286326986,0.04084918270715389,0.3497031105201966,0.22490101388591996,0.3497031105201966,0.5403937884805313,0.37631797012624235,0.3682037987066173,0.8704000000000001,0.9496774193548387,0.8704000000000001,0.0,0.0,0.0,0.4619045161290322,True,1.6039352356185347e-05,0.0,0.06697451573039102,2.4005119267230457,15,age,0.07226304911557133,0.120026,Feature Binning
dti,40.745 < dti <= 53.38,numeric,1193,1447,0.2386,0.2894,0.00980548227030524,Stable,0.7314531025871233,0.7300086440909298,-0.001444458496193457,0.4629062051742465,0.4600172881818596,-0.002888916992386914,0.3848074879002714,0.3550471886484382,-0.02976029925183321,0.16261525565800503,0.25293711126468554,0.09032185560668052,-2.7714824503962636,-2.5078160506515834,0.2636663997446802,6.185431799961778,6.078080726690478,-0.10735107327129967,0.02256466890192791,0.04118220456116101,0.018617535659233096,184493982.61999997,239652676.88,0.28943315437947276,0.23631982150684702,0.053113332872625735,shap_age,0.46575560797974275,"[{""feature"": ""bureau_score"", ""psi"": 0.4355439610257132}, {""feature"": ""age"", ""psi"": 0.32436495667968557}, {""feature"": ""region"", ""psi"": 0.24711198232554682}, {""feature"": ""employment_type"", ""psi"": 0.12365497647628813}, {""feature"": ""dti"", ""psi"": 0.032660559340253255}, {""feature"": ""utilization"", ""psi"": 0.009291641290326655}]",0.19543801285630227,0.017600866018912056,366,-0.08276914971508238,0.05783675102925126,0.8,-0.10068940208108407,0.02542716758839183,0.44,-0.04138457485754119,0.02891837551462563,0.8,0.06645025607219261,0.11681107717154489,0.0,0.0017964973132839563,0.03545662694211975,0.04,0.09032185560668052,0.018617535659233096,0.3463604476362432,0.26464257104025213,0.3463604476362432,0.25164544501046265,0.16552153106602588,0.2749060884778454,0.9268965517241379,0.7410526315789474,0.9268965517241379,0.0,0.18285714285714286,0.0,0.44445942442312686,True,0.00012099066738046143,2.5388913696485132e-05,0.28943315437947276,2.3868087351258023,16,dti,0.00980548227030524,0.11934,Feature Binning
age,age > 63.5,numeric,193,535,0.0386,0.107,0.06973903656659265,Stable,0.6146408839779005,0.7373491479774176,0.12270826399951706,0.22928176795580102,0.47469829595483515,0.24541652799903413,0.28130755064456714,0.37965504739213757,0.09834749674757043,0.06217616580310881,0.16074766355140188,0.09857149774829307,-3.2026451398965796,-2.7509073542633495,0.4517377856332301,5.693252065381967,6.430650190813116,0.7373981254311497,0.0578759067357513,0.029921457943925228,-0.02795444879182607,39088531.7,104592797.22999999,0.12631873602150384,0.05006881364437171,0.07624992237713213,shap_age,0.8891763147786191,"[{""feature"": ""bureau_score"", ""psi"": 0.6023726984622231}, {""feature"": ""dti"", ""psi"": 0.49239586954310177}, {""feature"": ""region"", ""psi"": 0.220660997073042}, {""feature"": ""employment_type"", ""psi"": 0.14831823264043068}, {""feature"": ""utilization"", ""psi"": 0.0613768073454201}, {""feature"": ""age"", ""psi"": 0.04746445955099956}]",0.26209817743586955,0.020045768243668587,86,0.02011912895203497,0.5237429759655534,0.04,-0.07493197096882201,0.20050453633008153,0.44,0.010059564476017486,0.2618714879827767,0.04,0.05354704372669604,0.1343516052491405,0.0,-0.05806377363081691,0.022068842111762143,0.44,0.09857149774829307,0.02795444879182607,0.07586129441065911,0.11133361348199428,0.07586129441065911,0.2839804226185382,0.25405244539381716,0.16021781406313357,0.32,0.7410526315789474,0.32,0.0,0.7410526315789474,0.0,0.575578947368421,True,0.0,0.0,0.12631873602150384,2.169211018243627,17,age,0.06973903656659265,0.108461,Feature Binning
utilization,33.895 < utilization <= 34.61,numeric,56,67,0.0112,0.0134,0.00039455004304279705,Stable,0.7091836734693877,0.691025641025641,-0.018158032443746697,0.4183673469387754,0.382051282051282,-0.03631606488749339,0.3333333333333333,0.4269230769230769,0.09358974358974359,0.25,0.22388059701492538,-0.02611940298507462,-2.1129669712531287,-2.3885910624620346,-0.27562409120890585,7.0960443494449565,6.64549295075604,-0.45055139868891647,0.13962285714285716,0.15902477611940297,0.019401918976545807,8383204.62,11494580.799999999,0.013882226656202094,0.010738114009573195,0.003144112646628899,shap_utilization,0.7253711634052267,"[{""feature"": ""dti"", ""psi"": 0.6588790259324012}, {""feature"": ""age"", ""psi"": 0.5105928533673988}, {""feature"": ""utilization"", ""psi"": 0.4613727315138816}, {""feature"": ""bureau_score"", ""psi"": 0.43339815647333624}, {""feature"": ""region"", ""psi"": 0.3539284880627113}, {""feature"": ""employment_type"", ""psi"": 0.017163161432500355}]",0.40588906946370495,0.011599231520966596,15,-0.37423829118994223,0.329169605765039,0.96,-0.2260660927806129,0.2840797235710026,0.72,-0.18711914559497111,0.1645848028825195,0.96,-0.18258262260127933,0.11502531982942431,0.68,-0.13718917557302765,0.08838796381929633,0.84,0.02611940298507462,0.019401918976545807,0.3827753365674346,0.11702730426213491,0.3827753365674346,0.0,0.17295891120216036,0.2111073777198329,0.96,0.9216,0.96,0.68,0.896,0.68,0.11648,False,2.7648407282156005e-06,7.796535376462834e-07,0.013882226656202094,2.1179848212426706,18,utilization,0.00039455004304279705,0.105899,Feature Binning
region,region = West,categorical,738,1666,0.1476,0.3332,0.1511223868522441,Moderate Drift,0.6834648604983534,0.7127083988675684,0.029243538369215005,0.36692972099670684,0.42541679773513685,0.05848707673843001,0.3093270365997639,0.32716303304538596,0.01783599644562206,0.1802168021680217,0.336734693877551,0.15651789170952932,-2.4890923738539703,-1.9420647117648173,0.547027662089153,5.3002723083113485,4.892256406679945,-0.4080159016314031,0.030799037940379408,0.09219576830732293,0.06139673036694352,119013427.71,279015863.74,0.3369728334168289,0.15244525373640203,0.18452757968042685,shap_age,0.41437464641739485,"[{""feature"": ""dti"", ""psi"": 0.3732178533915588}, {""feature"": ""bureau_score"", ""psi"": 0.3245768780040877}, {""feature"": ""age"", ""psi"": 0.2843071747926652}, {""feature"": ""employment_type"", ""psi"": 0.12300628850969608}, {""feature"": ""utilization"", ""psi"": 0.013935170925848972}, {""feature"": ""region"", ""psi"": 0.0}]",0.18650722760397617,0.023364721579688785,561,-0.0719384542752863,0.15691507762960444,0.36,-0.08920943083587765,0.10264605243846472,0.96,-0.03596922713764315,0.07845753881480222,0.36,0.13010248814973147,0.1837095000601867,0.0,0.01977868339246265,0.07281603860487285,0.0,0.15651789170952932,0.06139673036694352,0.27949862616817855,0.20768320787202285,0.27949862616817855,0.5111048625689779,0.571146084694966,0.36978628149446474,0.64,0.96,0.64,0.0,0.0,0.0,0.5519999999999999,True,0.0,0.0,0.3369728334168289,2.087302081435785,19,region,0.1511223868522441,0.104365,Feature Binning
utilization,utilization <= 33.895,numeric,1337,1274,0.2674,0.2548,0.0006081609362199149,Stable,0.7151772310517239,0.7230024122519961,0.007825181200272202,0.43035446210344785,0.44600482450399226,0.015650362400544404,0.34386670140568976,0.34556164332329786,0.001694941917608106,0.10022438294689603,0.20800627943485087,0.10778189648795483,-3.249229112451329,-2.5030773975653466,0.7461517148859822,8.11886793036264,6.072138948487042,-2.0467289818755985,0.015506305160807778,0.04424186028257456,0.028735555121766784,211263093.54000002,213710054.94,0.25810175012093367,0.27060859030393636,-0.012506840183002688,shap_age,0.5664617055636958,"[{""feature"": ""bureau_score"", ""psi"": 0.40489175749553086}, {""feature"": ""dti"", ""psi"": 0.35736998179714774}, {""feature"": ""age"", ""psi"": 0.32422649851011964}, {""feature"": ""region"", ""psi"": 0.1985804024710782}, {""feature"": ""employment_type"", ""psi"": 0.13681793330185793}, {""feature"": ""utilization"", ""psi"": 0.007592051728057699}]",0.23824643755063202,0.019911163051608078,265,-0.0826569817707046,0.14056248122487658,0.92,-0.09058973387280582,0.09691320367698825,0.84,-0.0413284908853523,0.07028124061243829,0.92,0.0809788192361117,0.1310995380834573,0.0,0.0008159601412051058,0.038764869249673276,0.04,0.10778189648795483,0.028735555121766784,0.3261641149405437,0.2269995049347897,0.3261641149405437,0.32008114455242265,0.2614587537309359,0.2921735266198471,0.96,0.9496774193548387,0.96,0.0,0.18285714285714286,0.0,0.3894930875576037,True,0.0,0.0,0.25810175012093367,2.01689387399758,20,utilization,0.0006081609362199149,0.100845,Feature Binning
